StoredCropID,PlantedCropID,StorageBinID
76411166-C5A6-440D-B16B-CCDC1A926841,F0B8092D-043F-47D9-8971-69B44F8B246E,3C27C1E1-AF68-4DC7-87E1-06FCE480A4F1
2E176610-EBA5-4C10-AF3C-6ADC90061A0E,009591A3-91E9-409A-A6CE-4E74D0602713,3C27C1E1-AF68-4DC7-87E1-06FCE480A4F1
73CFC28E-70CF-42C9-8807-A7C8ABBB6254,F19C02E0-DE09-473A-A2EE-198BED7C463C,3C27C1E1-AF68-4DC7-87E1-06FCE480A4F1
34A828FE-8F1A-4FF7-9DD4-A58216D652B7,DDDAD8DE-93F9-4A78-8FF6-71B9953F4D94,3C27C1E1-AF68-4DC7-87E1-06FCE480A4F1
9DA03443-98E7-45FE-BD94-B9AC68C63331,0C678F12-886C-4A22-BC8D-6A4BDBFBE477,3C27C1E1-AF68-4DC7-87E1-06FCE480A4F1
ABEFA1F9-7234-43E4-8859-7E17BD906ADA,4991C323-85FB-462C-AFEE-ED0438578C34,3C27C1E1-AF68-4DC7-87E1-06FCE480A4F1
8F64D166-CC08-437A-AC1A-8DAA25B312D3,27D64F8B-B02C-4CF7-B75F-A29EDEA44C67,3C27C1E1-AF68-4DC7-87E1-06FCE480A4F1
0F2E24AA-2076-4A74-B45B-B4A247734A78,0EAEA8B2-EC95-484B-9379-FAE45ED32709,3C27C1E1-AF68-4DC7-87E1-06FCE480A4F1
EEA2DB92-BCDE-4A21-82BF-1D25CDB20E4F,88397F06-7E9D-47AA-8B9B-49D544111146,3C27C1E1-AF68-4DC7-87E1-06FCE480A4F1
FA946E9F-42EF-48B4-B2B4-0E9C6DCF7236,062FE063-67A3-4852-9572-B7247AE660A1,3C27C1E1-AF68-4DC7-87E1-06FCE480A4F1
5C69B5F1-EA17-4DE6-979F-E11034E4F966,0BBFEEA3-F2A9-47F9-88EF-FEE79FAFCD0F,3C27C1E1-AF68-4DC7-87E1-06FCE480A4F1
37FDAB4B-65A1-4E96-AAC1-ECAA0D68B615,5CB85B80-3CDA-44E3-8F05-E060749789A1,3C27C1E1-AF68-4DC7-87E1-06FCE480A4F1
D15E8CB1-C00D-452C-BAA3-B693F70E184F,B06C6A89-EE20-4CA2-93DF-954FA1B3D142,3C27C1E1-AF68-4DC7-87E1-06FCE480A4F1
B7DFAB6B-A353-4E1F-8D12-1C9D77CAD991,90322361-F862-4450-B2B6-8E295EC82E2B,3C27C1E1-AF68-4DC7-87E1-06FCE480A4F1
29F711D1-0AA9-44F3-9917-73C14F4A622E,E8F939E6-6CF7-44A6-9053-E81515FFDE3B,3C27C1E1-AF68-4DC7-87E1-06FCE480A4F1
AAFC2C70-DE72-4D9F-A330-297FCA7C22F5,7C982FCC-CAAE-425F-BB43-54E7D2D38910,3C27C1E1-AF68-4DC7-87E1-06FCE480A4F1
37F4DBF4-79BE-4C50-A886-1B2A5FD33F6D,84FF5E3F-AC54-43A1-BEBD-1C336A9AA3B6,3C27C1E1-AF68-4DC7-87E1-06FCE480A4F1
7A5204DE-8BA8-40DE-9D83-7C9116D183D2,7D153141-15E8-4A70-9E5D-51DB2C8DA698,3C27C1E1-AF68-4DC7-87E1-06FCE480A4F1
FDF40611-B0AE-4DF1-BCC9-24465BD036B4,7247310C-F7FA-4E2E-B868-6520C520CF11,3C27C1E1-AF68-4DC7-87E1-06FCE480A4F1
D0E8FC0F-EF42-41A7-9EC0-738E99B35B70,D7954F7B-8A86-4653-9D04-A88B3CD31579,3C27C1E1-AF68-4DC7-87E1-06FCE480A4F1
63D7D5F3-53F0-449D-9B29-330BC9C1FF23,556EE5A7-B11A-44BB-92E5-27C7CB892BBF,3C27C1E1-AF68-4DC7-87E1-06FCE480A4F1
96EDC98E-9D6D-4297-8B57-5B7623A9CB39,255B5465-1DD4-4713-A3F8-D5324FFFD19D,3C27C1E1-AF68-4DC7-87E1-06FCE480A4F1
835FC7F6-EB2E-46B2-B853-A64A4650E635,80B6D74F-0A0B-41EF-96B4-580A4056435E,3C27C1E1-AF68-4DC7-87E1-06FCE480A4F1
56267974-B0A0-4717-9D83-200C8F14DE66,ADF2899B-141E-47E6-A407-24821F9A5268,3C27C1E1-AF68-4DC7-87E1-06FCE480A4F1
CA8F1DE1-50B2-4A85-AB09-EE36308BB1FB,03347935-8F03-4E01-9006-3111CB1D9676,3C27C1E1-AF68-4DC7-87E1-06FCE480A4F1
B07A3C69-A374-4BAC-826B-08A3BF88547B,6DAF0203-BF92-4C0D-8A99-07DA3111AC87,3C27C1E1-AF68-4DC7-87E1-06FCE480A4F1
8D2C1F0A-5E07-4982-A709-638D27B11EBC,CE0912CB-6174-48BC-B02C-1CFFFECF7D18,3C27C1E1-AF68-4DC7-87E1-06FCE480A4F1
556BABB4-70DD-40F7-87B2-792AE024A249,D30B4903-1566-4584-BF63-8900BDFE0C77,3C27C1E1-AF68-4DC7-87E1-06FCE480A4F1
56C26049-4E95-4C92-9A9B-AB6BB1EAF65E,AFD321B1-F630-44C6-9238-CDC6C092E61B,3C27C1E1-AF68-4DC7-87E1-06FCE480A4F1
E8875654-5109-43C4-BC6B-440D68CF79FF,23E0693F-6D27-4328-BCB2-0BC863A0D47D,3C27C1E1-AF68-4DC7-87E1-06FCE480A4F1
FBAA4556-9D92-4F83-8D7C-8BDA3B80260E,209A90BD-EDC0-4C56-8041-A1081273B2A0,3C27C1E1-AF68-4DC7-87E1-06FCE480A4F1
2B892206-F29F-405E-A386-EAF5826C7DCC,6906FE3A-0F13-4211-95EC-3535990E9329,3C27C1E1-AF68-4DC7-87E1-06FCE480A4F1
381BEA4B-D840-4C58-AEC1-C61D7A535293,5741C878-C258-4C0F-A716-56E3473CE0E8,3C27C1E1-AF68-4DC7-87E1-06FCE480A4F1
463F8A7D-BDBF-40E5-8575-6F2EFEDCEDCE,8606572A-931E-43AA-94A8-59F97C4F0579,3C27C1E1-AF68-4DC7-87E1-06FCE480A4F1
AE4A5A5F-6D49-4F65-8D93-53A7265D7173,C6698CB5-C4A8-4530-B39E-49AC2F72785D,3C27C1E1-AF68-4DC7-87E1-06FCE480A4F1
EAA76B56-2F13-4C1A-957D-9488734B33D9,D34DDCBB-93BC-4557-92F6-0BBFBF5CEE19,3C27C1E1-AF68-4DC7-87E1-06FCE480A4F1
F4F7EBFA-50A6-45E2-AC09-D847E91B9BE5,B85CE798-0868-452D-B74F-75C94F6E65A7,3C27C1E1-AF68-4DC7-87E1-06FCE480A4F1
62096E15-5884-4A79-8EE1-789B6BBD3632,41255883-87D9-4F47-80A6-3FF5CCF802C9,3C27C1E1-AF68-4DC7-87E1-06FCE480A4F1
7C3F6D18-3F4A-4B96-8A37-7A9430AB3E9B,9A7A9EDA-4F41-433A-8BB5-9A172DAF6524,3C27C1E1-AF68-4DC7-87E1-06FCE480A4F1
DBBF8BF3-D4EB-4622-A7AD-D54BCC25FB01,B50EDB37-0353-45F3-9586-864C55D4B98E,3C27C1E1-AF68-4DC7-87E1-06FCE480A4F1
C8C923BC-8183-4067-847F-FE2A601E0D3B,863ECF98-348C-4E04-B0AF-5666DC5E311E,3C27C1E1-AF68-4DC7-87E1-06FCE480A4F1
1152167D-BD32-4FAD-B478-182216AECD0D,55A4AC1F-AFED-4DED-B286-73F92A423BFA,3C27C1E1-AF68-4DC7-87E1-06FCE480A4F1
C20E7E8E-8F9B-4417-BBED-7D2B7E52DBD0,3D0C94C3-8C9A-4D15-812F-F606E6EAA0D2,3C27C1E1-AF68-4DC7-87E1-06FCE480A4F1
CAB5DE28-C865-453E-8306-6EC65E9CE666,92BAC917-9EFA-4980-B379-E5731F1C6C21,3C27C1E1-AF68-4DC7-87E1-06FCE480A4F1
23ACE162-5767-4001-94B3-F123899DF533,3A83973D-E88B-422A-8320-1669838EDC85,3C27C1E1-AF68-4DC7-87E1-06FCE480A4F1
0869984B-A14F-4FC8-909F-53C6670B1315,F60BF6EC-2B36-4CD3-9D84-3AB4670C7942,3C27C1E1-AF68-4DC7-87E1-06FCE480A4F1
71A9707C-5B01-498B-BFBC-231E187277EE,1C3227D7-C6C3-4201-8E6D-C40B7E727EAB,3C27C1E1-AF68-4DC7-87E1-06FCE480A4F1
9FB25D0A-E1EF-4081-84A7-4A4BE5C55464,999E3CE1-0B84-44AF-90EF-CCCD3B6BECE7,3C27C1E1-AF68-4DC7-87E1-06FCE480A4F1
13E71CD5-634D-41D4-8BAA-441CD5F47F0B,578AF485-54E4-4AC4-8597-B81150AFEC95,3C27C1E1-AF68-4DC7-87E1-06FCE480A4F1
19BB5B3E-9607-4FD8-A266-7DDE437ACB2B,D34DDCBB-93BC-4557-92F6-0BBFBF5CEE19,ED19D11D-62B6-48B4-9A0F-7C21A91B45D8
66911970-BAE5-4116-87C6-3A8E3ABEBEFC,0E785177-C69A-4D73-A4B6-24BD64223F5C,00C6123F-413E-4BDB-9E83-8DE289DD0F8E
70629619-E381-471C-A2BF-4632A8CE0C9F,6B8DF939-5A27-43EF-8F9C-20072846EC95,051997C9-EA95-417D-BABB-B1A5F6F687FA
F6B4B4B5-D645-42E0-82B6-3FDD9357D600,94865997-5CFB-4B42-A2A9-D7E773818B8F,577EFE38-A628-4DEC-A195-699D143D48D6
04C67571-56CB-4A25-8CDE-BC2EAF737909,90E4B74D-9037-4202-BEE3-880F65958F87,B44FF70D-5A3A-4685-BE96-FBEC6BC72174
6A9433F9-5598-43C8-8694-90EF1C62FA00,21C03482-ECB6-4E0A-BE31-A064CAC1FDEC,5871AE3A-7328-498D-A030-67338F511117
32FE9D55-1306-40C4-91E5-26D1584D794E,4FC646BC-1003-4C50-BB49-56D691CB4889,D84AC8F1-2245-4B79-8887-A2F38C52E439
59A1F131-B2E2-4170-BACE-28B8FFE98439,6906FE3A-0F13-4211-95EC-3535990E9329,ED19D11D-62B6-48B4-9A0F-7C21A91B45D8
E0BE8D7F-7480-4769-957B-549A4E7004EE,ABDFC7C0-BC8E-49B8-8136-2F8B4E53A2BF,3C27C1E1-AF68-4DC7-87E1-06FCE480A4F1
F9FAE6DB-BBE7-44AD-A7E5-A523259757B8,5A83DC6E-7597-49CE-8C44-DA9D88D1A37B,7CC8C608-716C-4B5C-9F13-263A888DAC0F
72DF10A0-6C7E-47E8-AEFB-F1C1CB3C0877,90322361-F862-4450-B2B6-8E295EC82E2B,0982E740-8C1E-4F0E-9FC7-E9A41FA93655
1BD69B80-C021-4547-A1CB-F929356DB91F,0EF11E87-CFE3-4164-BDE5-3B647646EBD7,F06697E3-F6C1-41B9-BE11-F3ABF450DBF8
A028AF4F-FAF7-4387-B650-F64D44FA89C4,0EF11E87-CFE3-4164-BDE5-3B647646EBD7,3C27C1E1-AF68-4DC7-87E1-06FCE480A4F1
F015EEAC-E8AE-4FF4-BE77-00467B143BA3,5A83DC6E-7597-49CE-8C44-DA9D88D1A37B,3C27C1E1-AF68-4DC7-87E1-06FCE480A4F1
532298A0-E2E6-49C4-8E50-B443D6566EEC,04804123-490E-471E-A1C9-59EB2C344BD4,3C27C1E1-AF68-4DC7-87E1-06FCE480A4F1
CC55AE80-A03D-48C9-98EB-76661D29B299,BF603064-7174-4568-87E0-58E4698AF5C8,3C27C1E1-AF68-4DC7-87E1-06FCE480A4F1
72BF53CB-195F-482C-AD3B-335A54944EAC,7194749B-600F-4414-BC57-996FA9AB8BEB,3C27C1E1-AF68-4DC7-87E1-06FCE480A4F1
FAE7A65E-7339-47FC-8AB9-5726D1477B2A,90322361-F862-4450-B2B6-8E295EC82E2B,24486431-253D-4BD1-9401-A4A535E1319D
0836F794-BB98-4CDC-8740-A689EC973C3A,F09FB9E7-3DC5-443B-80EE-DD77680CB706,716B26B8-3D60-4A4D-8BD9-93FEC64B5848
1379DD3C-F984-4361-83EA-2A065891BBAE,F1819D1D-04A0-4677-B1E9-0A8D3061A6F0,577EFE38-A628-4DEC-A195-699D143D48D6
AEC12442-9E55-4977-995A-E93C80FC8ACB,AF6CCB51-E9BB-4C30-ADA6-DD23FC64409A,D84AC8F1-2245-4B79-8887-A2F38C52E439
48B44E40-0E7F-41CB-B1F1-363739D4BC6E,83934075-0037-400C-864A-F519D6120CB2,0F39D7C8-D425-4BEF-8BE2-28D76F6826D8
6B63E574-0806-4360-920C-14F6EEE8AA13,11ED211D-A4EB-4052-83AD-6A20A608E959,051997C9-EA95-417D-BABB-B1A5F6F687FA
B0F89C5C-52A5-4B09-A9FF-617065785C84,7D153141-15E8-4A70-9E5D-51DB2C8DA698,ED19D11D-62B6-48B4-9A0F-7C21A91B45D8
C36DD8B6-3A33-4D72-A6FE-37C096632B30,AACEB49A-2308-4639-AD0C-9636053892AC,F06697E3-F6C1-41B9-BE11-F3ABF450DBF8
BDD88303-27E1-475D-AE1E-52C9B027EDE7,AACEB49A-2308-4639-AD0C-9636053892AC,3C27C1E1-AF68-4DC7-87E1-06FCE480A4F1
03C75AAC-F74C-41E1-AF17-F71DCA92B306,ED0B9E74-0845-4973-9D6A-D3DB3D069A07,DC101218-7A6A-416E-A880-4837DE382B2F
DFF1FE45-62D1-4D08-BC82-1B0B3E7E7A1B,AFD321B1-F630-44C6-9238-CDC6C092E61B,0982E740-8C1E-4F0E-9FC7-E9A41FA93655
3654E27F-34C7-4367-B084-0F8139A1F7DF,F1819D1D-04A0-4677-B1E9-0A8D3061A6F0,20D8C575-0CDE-4667-A05E-73B281B442D2
D2C47212-4804-41AD-9F0F-CAB324FB0D3E,7783778A-0F5F-4AB7-B087-80F340E715C0,ED3747BF-65DC-4501-B789-6FC8A2C0ADDA
9AD55066-4159-4242-8647-502A7D0ACFB1,EC7D9078-A14F-482F-ACD2-F4B0B3FDDF09,DC101218-7A6A-416E-A880-4837DE382B2F
C1AF8FCF-5504-477C-9E00-0500DB93359F,644D09A4-90E7-4667-8B33-CDDFC95DE12F,3C27C1E1-AF68-4DC7-87E1-06FCE480A4F1
A6911AD7-3D8E-4F5D-B926-7BDD002C5010,2613140A-39C3-4A4C-B12B-43F5BA0DA0CC,3C27C1E1-AF68-4DC7-87E1-06FCE480A4F1
EB24FE04-36DF-4768-A95E-DF0B4FDC343F,C00C066C-13FC-430B-BAC6-53AE2966D701,3C27C1E1-AF68-4DC7-87E1-06FCE480A4F1
4E0883C3-40DF-428B-AC78-4DE70DF17E17,A4E4836E-1F64-48C3-BB61-A4DFABF45B7C,3C27C1E1-AF68-4DC7-87E1-06FCE480A4F1
B67BC409-95C1-43C7-86EE-FE9300285406,CB0CDA67-594A-4DA5-A72C-D5B2E9A6E6C4,3C27C1E1-AF68-4DC7-87E1-06FCE480A4F1
625B7C53-877D-475E-827E-539C8B7485BA,3A800691-9FF4-429D-823A-9FE96B19E476,3C27C1E1-AF68-4DC7-87E1-06FCE480A4F1
C5F3041B-2BB5-427E-9FC6-86B65356ACE7,0B567444-01C2-4E84-8D67-0AA9E004EB2C,3C27C1E1-AF68-4DC7-87E1-06FCE480A4F1
840807B1-5D22-4C80-9EF3-39229FE10F7C,09254F55-DFF1-411E-BD1B-98196119A5D5,7CC8C608-716C-4B5C-9F13-263A888DAC0F
AFC8A491-517A-494C-8185-4D653A033F32,21C03482-ECB6-4E0A-BE31-A064CAC1FDEC,284A83E6-568C-4859-9E55-526ABE9D5979
22916556-EC0F-4834-8560-2A7A90E3592D,AFD321B1-F630-44C6-9238-CDC6C092E61B,24486431-253D-4BD1-9401-A4A535E1319D
4486051D-8546-4AAC-B532-B57BD7A6C41C,7A6C3B07-8447-4CC4-B396-DED50C8F7852,DC101218-7A6A-416E-A880-4837DE382B2F
50A05E16-9481-4386-9AC3-E4E741094CF9,C275EC00-AAFB-42F7-8104-769AFF39F873,20D8C575-0CDE-4667-A05E-73B281B442D2
733E91FD-6837-4D67-A1DB-552B3AA7C2A2,D30B4903-1566-4584-BF63-8900BDFE0C77,1BB0DB33-5335-4095-927A-EB72209C0DFB
376AA8F9-8CDE-40C1-8AD5-FB8F6F8BEB9A,F09FB9E7-3DC5-443B-80EE-DD77680CB706,C3931881-9887-4A77-81D4-16C30571BE18
CF4D613B-7275-489B-A043-6C8B20594196,84FF5E3F-AC54-43A1-BEBD-1C336A9AA3B6,ED3747BF-65DC-4501-B789-6FC8A2C0ADDA
BF29C182-154F-4445-A28D-BFA1C8A48CBC,3DCA70CC-C15A-4B8D-8F9F-F7F8C17E1252,316A6EFD-F938-46A5-80FE-2B99066C1062
B64B2C51-D213-40A9-A662-0A26E48A2B07,B50EDB37-0353-45F3-9586-864C55D4B98E,DC101218-7A6A-416E-A880-4837DE382B2F
FABFCC2E-8757-425B-A6E4-CE7E19097E27,C0FB39ED-FCFF-426F-8F7B-819A6F311323,284A83E6-568C-4859-9E55-526ABE9D5979
25347A78-DF6E-4E9F-B7D8-F482146D9144,66A5CA8E-F369-4A9A-9564-3B9CF2197D0D,F844BDFA-67C5-4F3C-9AC6-91D0521E87E0
28C20B45-7E50-43EF-B52C-F19F6BF0A981,1C56ACBA-AAD5-41C3-8C2A-1CA9A094EA43,00C6123F-413E-4BDB-9E83-8DE289DD0F8E
1EB1D532-E880-403F-A1EF-B97D8BE6BA72,C275EC00-AAFB-42F7-8104-769AFF39F873,389FF257-5923-4C11-9BFE-8BB015AD414F
78D2FB6B-63A2-4716-AFD1-8DFB28D968B7,C0FB39ED-FCFF-426F-8F7B-819A6F311323,7AB433AC-A76D-4162-BCE7-AD20723AE24C
E10FAC65-8D96-4E09-ABB3-36269260D6F6,AFD321B1-F630-44C6-9238-CDC6C092E61B,CBB70A16-C82B-42B2-8620-216E3158C9E8
2CCA22DC-B0B6-4685-908A-01CC21F8DB56,83F4E751-94DB-4F46-AA80-6790EE6F7FE8,00C6123F-413E-4BDB-9E83-8DE289DD0F8E
33F69A98-5C11-4F6D-9F67-AD98EA81C2E2,03347935-8F03-4E01-9006-3111CB1D9676,807908F5-67A2-4F59-8D47-ECF512294BAB
1688D93D-CF46-48BA-9012-BC9A97D8BB25,8EE7593E-8F1D-4FC7-A9DF-46243730985A,84B13C76-F342-4DD8-BE47-EC46BCA59099
9D4394ED-6955-40A5-9FF3-B4523D29BC10,A65C3221-D0AA-4301-8AF4-4C691A3C6AAB,BA6CAD63-86E8-4215-B513-F4FB23FC4D76
873CFF68-BF06-480E-BEC5-EDA9C394CF34,F1F7032E-132A-4E6F-BB8A-9B70B10E352D,BA6CAD63-86E8-4215-B513-F4FB23FC4D76
6AD63AC2-D8B6-4699-8612-6A22C8449A1D,255B5465-1DD4-4713-A3F8-D5324FFFD19D,EE9CC013-E44C-4309-BC72-258A43D0949F
1DC379E7-0495-4DB8-9053-4566FFB3D245,84FF5E3F-AC54-43A1-BEBD-1C336A9AA3B6,914C5A44-46DF-4065-A6BB-1758238E9949
FD5F4BBD-9450-43CD-A4B9-54BADA30806E,ACB7560C-2838-4C1D-9569-23198E621EC8,B44FF70D-5A3A-4685-BE96-FBEC6BC72174
FE068FCB-4E00-4DF8-ADA1-101CEFC07B71,55A4AC1F-AFED-4DED-B286-73F92A423BFA,53107F3E-4308-489A-B298-80D55583C4CB
D4C2B64B-054D-4340-BAF4-23C5F690BAAE,8606572A-931E-43AA-94A8-59F97C4F0579,EE9CC013-E44C-4309-BC72-258A43D0949F
D52F6064-B48B-4085-BBCE-FF892566B74A,ACB7560C-2838-4C1D-9569-23198E621EC8,1BB0DB33-5335-4095-927A-EB72209C0DFB
E8255B82-2152-4091-A3A4-C811F1E454C0,9A7A9EDA-4F41-433A-8BB5-9A172DAF6524,53107F3E-4308-489A-B298-80D55583C4CB
F95CA4FA-D9C1-498F-A9AF-7AA556CA14F3,21E34FE7-E81D-47C1-9D61-E1E03D59C6EE,4F6D3B4F-75A1-4BA3-A2D7-258260531F5D
E671A0F1-50D0-410F-ADA4-14FD5014B1B5,3A83973D-E88B-422A-8320-1669838EDC85,B44FF70D-5A3A-4685-BE96-FBEC6BC72174
457FBF1B-3F2D-46E2-A1F9-A6F2990422BB,AE617946-91B7-415F-9682-659229E1ACF5,3C27C1E1-AF68-4DC7-87E1-06FCE480A4F1
52C0FC2E-FF46-4C65-A900-B0DB79FAA557,83934075-0037-400C-864A-F519D6120CB2,821B160A-DEDB-4819-ABDD-75A0F16BB803
8D2FE009-3594-4B59-9E5F-178232166463,638C53FF-03C4-4BA7-BBD2-F215ACBC866F,463E3EBD-9B59-40F1-BC1E-FFF19C54937A
BE6872A5-18D7-40A4-9947-B761F2DD039B,20FAB825-CD7A-48FE-A042-087270DB20E8,5661FD49-F7BE-4041-B3AD-0C621B503E7E
8894DE43-49E6-4273-87AE-87A4E6A745A6,61CDC4C0-1986-4870-95CD-36B879D07211,84B13C76-F342-4DD8-BE47-EC46BCA59099
44543578-ED31-4C05-9298-2CC28934FF3E,996E3936-5C81-48D5-9E2D-72B395F0BF1A,316A6EFD-F938-46A5-80FE-2B99066C1062
48E47A80-42A1-42BC-A5C2-73F33CDD978E,255B5465-1DD4-4713-A3F8-D5324FFFD19D,807908F5-67A2-4F59-8D47-ECF512294BAB
6A28CA78-73DE-4467-9B37-4E791302AF4D,E2D1E14A-2E5D-4FED-8F3E-BD3F32FAABB4,ED3747BF-65DC-4501-B789-6FC8A2C0ADDA
749C904D-4E61-4335-A0F6-121EBC4A78A0,86119D36-9A61-433E-9FF6-F118DF185E09,389FF257-5923-4C11-9BFE-8BB015AD414F
FFA5B55B-D605-492E-930E-0C869E3A7265,CDF84C91-1548-41B7-A327-8C43B5599EAC,4AA523AA-163E-460A-BA6B-20C2D25E057D
F7B996DB-F2E2-4481-A57F-ADF39948E4E0,863ECF98-348C-4E04-B0AF-5666DC5E311E,53107F3E-4308-489A-B298-80D55583C4CB
92E85E16-4AA6-43A0-84CA-B820D06EACCA,F969E212-9FE0-4103-90A6-8527F3E3D9AC,7AA7F9FC-A0F1-4E0E-ABEB-79F33EFB7FDC
72737645-C200-412B-B5B7-BE6F71DBA1ED,7C400544-9B08-482F-B261-C91C4D39A059,E086BB5B-1608-46B2-86A1-8A7ADA1AD99D
93A0C3C1-0295-45D2-B3B3-584859E51493,449298FC-8DA4-4A12-8BD2-840F115AD2EA,5DC5AB71-1D4D-48A8-A932-26D126E8EE3F
106F4E9D-34BE-4632-A5B1-A99F7705552C,92BAC917-9EFA-4980-B379-E5731F1C6C21,53107F3E-4308-489A-B298-80D55583C4CB
BAD481FC-4AF5-4B93-9B85-04671E1F0B08,67FB7E81-366C-4488-8D52-685E36A54B98,5871AE3A-7328-498D-A030-67338F511117
F32366BA-9C93-464A-BBC5-6B855970F612,F969E212-9FE0-4103-90A6-8527F3E3D9AC,5DC5AB71-1D4D-48A8-A932-26D126E8EE3F
43E75E72-3FFD-4FFF-88FF-BF967DF1FADC,8606572A-931E-43AA-94A8-59F97C4F0579,833F6456-5B2C-4BA3-8DAB-2BEA1EB57579
8D700D6B-13E0-47DA-BA18-72458F478205,7C400544-9B08-482F-B261-C91C4D39A059,5661FD49-F7BE-4041-B3AD-0C621B503E7E
10758EDE-B93B-48E3-A5AA-132357C84BD0,449298FC-8DA4-4A12-8BD2-840F115AD2EA,7AA7F9FC-A0F1-4E0E-ABEB-79F33EFB7FDC
8EAD53B4-EE47-417E-AFFD-DD1DC7C2E5A5,B140650A-72CA-4635-AA3E-38068341331D,7EE955B1-E87B-41A2-8653-4AEBF683AA85
BD8A7F46-CEB9-4520-B534-1D9F1A2D4D1A,7C982FCC-CAAE-425F-BB43-54E7D2D38910,914C5A44-46DF-4065-A6BB-1758238E9949
51CCE38B-95C9-49A7-BF82-2CC10BCB5257,0A619958-F028-4B35-9651-A953513CC343,84B13C76-F342-4DD8-BE47-EC46BCA59099
A6B153E1-E10C-4007-94D4-6BB905F5F56F,6F782411-285E-4AA5-A99C-4C206B7FF7DF,3C27C1E1-AF68-4DC7-87E1-06FCE480A4F1
7522274F-D086-4857-8C73-2199BEA3E7EE,F1F7032E-132A-4E6F-BB8A-9B70B10E352D,3C27C1E1-AF68-4DC7-87E1-06FCE480A4F1
FCB22C03-04A6-47B7-BFF9-488A45854E1B,996E3936-5C81-48D5-9E2D-72B395F0BF1A,1083FBED-936D-4509-9FA2-22CF8105F6C0
9A86470A-6F6A-4C30-813C-82C04CE536D3,7C982FCC-CAAE-425F-BB43-54E7D2D38910,2534CBD7-4F2B-4B48-BD85-D72F0931C79F
97B9964C-BBC1-41A8-B330-46311221F283,C98A1AB3-2BD0-41F7-9420-64361842F4A6,5871AE3A-7328-498D-A030-67338F511117
3FD82DE6-CF07-44AD-A484-7C6014CD4B07,517F85E1-947A-424E-884F-3E70912CE4F0,821B160A-DEDB-4819-ABDD-75A0F16BB803
DFB167CF-15C9-4633-AAE0-FE240A0A3793,0A619958-F028-4B35-9651-A953513CC343,7EE955B1-E87B-41A2-8653-4AEBF683AA85
9FA5A9EE-368D-4787-94D3-4714C05E9C03,996E3936-5C81-48D5-9E2D-72B395F0BF1A,D95E6239-0017-4D0D-A469-AB9850630FC7
009988F6-067B-4EF4-85F7-8B4C0E398113,C6C80BB5-4915-4140-995C-0AA62DD930C8,914C5A44-46DF-4065-A6BB-1758238E9949
268E0CA0-5E66-48B3-844E-D562EA998DF9,64ECA010-CD1A-43FB-A36B-788022CF60B6,4F6D3B4F-75A1-4BA3-A2D7-258260531F5D
C7F1E730-A8B7-406D-92C0-905267C35D2A,77BE98B3-58C3-4C40-AB36-B98A6A4B497D,4F6D3B4F-75A1-4BA3-A2D7-258260531F5D
8757C6D4-9B61-4633-BA92-52FF738FD37D,F60BF6EC-2B36-4CD3-9D84-3AB4670C7942,EE9CC013-E44C-4309-BC72-258A43D0949F
6DCCA90E-EF2D-47F7-B4C0-A6A42DDE84BF,CE0912CB-6174-48BC-B02C-1CFFFECF7D18,1BB0DB33-5335-4095-927A-EB72209C0DFB
02AB629A-F700-400D-922D-AD44A8426BC3,21E34FE7-E81D-47C1-9D61-E1E03D59C6EE,F06697E3-F6C1-41B9-BE11-F3ABF450DBF8
85E37069-FB64-4678-AF88-108888F15A93,548446ED-B43D-4200-8386-E6F4F2859DD6,7AB433AC-A76D-4162-BCE7-AD20723AE24C
9C795143-829C-4375-AB8B-7CB6EC30B4E7,3D0C94C3-8C9A-4D15-812F-F606E6EAA0D2,DC101218-7A6A-416E-A880-4837DE382B2F
F78D7F2E-441A-4E65-BD6B-F115497C8458,273D7593-5BB3-44BB-995A-A0341227170E,284A83E6-568C-4859-9E55-526ABE9D5979
EEAD22C9-8801-4A3F-AA13-0558A3BF13F2,47156A13-C311-4AB9-8A30-B86041BE354F,051997C9-EA95-417D-BABB-B1A5F6F687FA
81B409CD-E009-46C9-B21C-A2420114F450,107F7812-936F-41E7-BE5A-F5C6D7073EAA,F844BDFA-67C5-4F3C-9AC6-91D0521E87E0
D9435F94-18A8-4934-9699-8CD52FE4A6C0,D7954F7B-8A86-4653-9D04-A88B3CD31579,ED19D11D-62B6-48B4-9A0F-7C21A91B45D8
0B5253B7-18E0-4646-B76D-246908E05D62,3C9AD93B-E186-4AF7-927D-F9787E48F6F1,3C27C1E1-AF68-4DC7-87E1-06FCE480A4F1
70B1FC46-292F-4ABD-9524-9F35D88E47AD,7247310C-F7FA-4E2E-B868-6520C520CF11,807908F5-67A2-4F59-8D47-ECF512294BAB
EFA9DFCC-8854-4F7B-9798-51066DA83A50,6F782411-285E-4AA5-A99C-4C206B7FF7DF,F06697E3-F6C1-41B9-BE11-F3ABF450DBF8
DA952517-F67A-4DF3-9FDD-821DBA518F7B,6DAF0203-BF92-4C0D-8A99-07DA3111AC87,0982E740-8C1E-4F0E-9FC7-E9A41FA93655
E143478A-8B38-446A-9F0B-1D5B843C9C5D,86119D36-9A61-433E-9FF6-F118DF185E09,7F20DBB5-6DF0-43EF-A1EF-7F866C64E166
70A4250C-1C2D-4D0F-8C38-C29F08AEFABD,0DF0B5E8-1D67-43E5-A16B-94ED8B723ECE,5DC5AB71-1D4D-48A8-A932-26D126E8EE3F
DA7DB87A-3E68-4884-8DC3-728279AAEB64,6DAF0203-BF92-4C0D-8A99-07DA3111AC87,CBB70A16-C82B-42B2-8620-216E3158C9E8
92898CC1-63E9-4E71-8A37-A05FE2476A15,45E46658-D06D-4364-BA07-C4E582D5BBC8,C3931881-9887-4A77-81D4-16C30571BE18
4D2DCFC6-5463-42DE-AEF7-39FC56397CBF,EC644B7D-D07E-43CA-8AE7-73600AB0BCFE,00C6123F-413E-4BDB-9E83-8DE289DD0F8E
71BAA668-2D69-46B1-A726-772E5E93B573,DDA95036-FA80-4A1D-B7D0-4C122C17DF3C,4AA523AA-163E-460A-BA6B-20C2D25E057D
41F4076F-CE9F-40A6-8F7D-35393DABBACE,BF603064-7174-4568-87E0-58E4698AF5C8,F06697E3-F6C1-41B9-BE11-F3ABF450DBF8
D9DE3786-76A4-4152-873D-8E1AC68FCEB5,578AF485-54E4-4AC4-8597-B81150AFEC95,53107F3E-4308-489A-B298-80D55583C4CB
6F1E6010-45FC-4D05-80F6-14A071650CFD,F969E212-9FE0-4103-90A6-8527F3E3D9AC,4AA523AA-163E-460A-BA6B-20C2D25E057D
200EA14B-B16F-479C-B0B0-0A5B91509BC1,0DF0B5E8-1D67-43E5-A16B-94ED8B723ECE,7AA7F9FC-A0F1-4E0E-ABEB-79F33EFB7FDC
398FE040-D207-4517-9029-E00451A00256,0E785177-C69A-4D73-A4B6-24BD64223F5C,3C27C1E1-AF68-4DC7-87E1-06FCE480A4F1
C082DAEE-2503-46FD-BD2F-CDED46486A51,FB9C76E3-5C54-4CDD-918D-9703090BFD5F,3C27C1E1-AF68-4DC7-87E1-06FCE480A4F1
4C84117D-FCB0-4608-A508-77F279B59660,8170F2D9-899D-4A99-88D1-3E282CBBA3EE,5DC5AB71-1D4D-48A8-A932-26D126E8EE3F
56305DE2-B69C-4890-AAF3-834339216190,2E975117-9F9C-4B57-9C96-4264268FC5AF,F45EF324-714D-4015-B88D-A46D537D515E
39BEE8A8-4861-4AF0-8368-CDC4F5FB0701,C4D363DE-3C9B-440C-AE8A-4BBA4F6CBDEF,F45EF324-714D-4015-B88D-A46D537D515E
943261D3-BB83-4248-AC63-E2B1D3679D3E,D5313EA5-3E7B-47F9-A587-9741E9D9EFBD,F45EF324-714D-4015-B88D-A46D537D515E
C521B357-7BF6-44EF-9CE1-FFAC3F09900A,7963F7A2-EAC3-4188-BDD9-B47E1E18D4A5,CEEDEE6A-8397-46FC-BCDD-4867A4EBB304
3E39A094-2B0F-40B8-98DC-8181BF996FAD,A0860615-E886-46D2-8F44-D55E80A297A0,D972369C-3F07-40F6-87CA-57A58041C0E4
5E2DEBC1-D436-4B96-A614-A6171FE39F2C,51D1375E-002A-4334-9381-DF44BA396845,5DC5AB71-1D4D-48A8-A932-26D126E8EE3F
287E023F-66B2-499E-97CD-3E01B70ACAC3,8170F2D9-899D-4A99-88D1-3E282CBBA3EE,7AA7F9FC-A0F1-4E0E-ABEB-79F33EFB7FDC
72C643CC-521A-44D1-9668-BD7FF3A3A545,2E975117-9F9C-4B57-9C96-4264268FC5AF,D972369C-3F07-40F6-87CA-57A58041C0E4
0135300F-5333-40FF-9756-C9571E7EB254,C4D363DE-3C9B-440C-AE8A-4BBA4F6CBDEF,D972369C-3F07-40F6-87CA-57A58041C0E4
C8CE76C7-7345-4A6E-B84A-3F4B2D58B629,D5313EA5-3E7B-47F9-A587-9741E9D9EFBD,D972369C-3F07-40F6-87CA-57A58041C0E4
6E394ADF-DA07-40DC-8A84-D232577AEF28,DE7CAF3B-0A9F-43B4-8240-C3BA9BDDC0AC,67E33E3B-3EA0-4D14-ADB6-7C7297A7176D
B0AA240D-4406-4CC6-A76A-73E3733C47A4,7963F7A2-EAC3-4188-BDD9-B47E1E18D4A5,7EE955B1-E87B-41A2-8653-4AEBF683AA85
10EC22AD-A764-43BD-A5AC-23A66A9F711C,A0860615-E886-46D2-8F44-D55E80A297A0,F45EF324-714D-4015-B88D-A46D537D515E
9E9F1516-91EB-4335-B14C-0688D9DE15E9,D4169045-2FE2-4A1A-8AC4-DA43EFAACA96,463E3EBD-9B59-40F1-BC1E-FFF19C54937A
1FEC0FA9-F2EC-42E9-8113-EC0F6A41DFA1,B39523A5-8840-4831-9241-D62C74F405C6,E086BB5B-1608-46B2-86A1-8A7ADA1AD99D
15BD7C98-0830-4693-9FB6-D95BD454875A,51D1375E-002A-4334-9381-DF44BA396845,7AA7F9FC-A0F1-4E0E-ABEB-79F33EFB7FDC
3755FDD3-3FC6-41D7-8FE5-8C2A18A2DB9D,A8C4635B-C770-44D6-A78F-FD1E3E9A6C3C,1083FBED-936D-4509-9FA2-22CF8105F6C0
231B57AB-5634-4909-8931-9FE360759E4B,A65C3221-D0AA-4301-8AF4-4C691A3C6AAB,850202B5-4A09-4ADD-B19A-971AE893CA86
B3609210-BE8A-4D32-BC58-B8FA24ACE8BE,C98A1AB3-2BD0-41F7-9420-64361842F4A6,3515F29F-F26F-482C-B666-C30A645E7343
BBEF5D64-2DDD-4E2A-BF6B-3D024D3DE183,7C400544-9B08-482F-B261-C91C4D39A059,C885548C-076B-417C-A3CA-9C8BDDC94E4E
CDE68720-019C-4E1C-B105-01B5CC67CB64,A8C4635B-C770-44D6-A78F-FD1E3E9A6C3C,F43041E7-FADE-48A0-BF44-4810E6DA9F23
79A173E6-567A-4350-A66A-B764BB04B6EB,82E5F4E9-560E-4735-B284-0EB49DE01C6E,F5C10BC2-1E11-446F-9137-4A78F3662889
4F261446-235F-49FE-9EE4-136661108927,7D235221-0549-4FCC-83C2-E974008DC1E4,D972369C-3F07-40F6-87CA-57A58041C0E4
82C251AD-3037-4A8E-B82A-C80C8F04F868,9FA22D81-02F9-4311-A429-16C526DE45A7,60E535A0-68AB-42AF-A3B7-2A14246D55BC
62E0A6D0-2715-49DD-BE39-76269820EE2D,9FA22D81-02F9-4311-A429-16C526DE45A7,7AA7F9FC-A0F1-4E0E-ABEB-79F33EFB7FDC
DEE459F0-3B4A-48D2-B5DA-6BF83AD7BE25,82E5F4E9-560E-4735-B284-0EB49DE01C6E,1393EA96-CA2C-4704-A51C-59F50F701BB9
D0E66407-1ECA-4237-B996-77139744855F,E8F939E6-6CF7-44A6-9053-E81515FFDE3B,850202B5-4A09-4ADD-B19A-971AE893CA86
ECD2151F-115B-4C78-97CB-4D999FDCE8D8,678859A8-F705-4F29-8BBC-2BF2E86864AC,1393EA96-CA2C-4704-A51C-59F50F701BB9
7CF539F0-C698-44A4-BD7D-DB4F9ABFA366,678859A8-F705-4F29-8BBC-2BF2E86864AC,F5C10BC2-1E11-446F-9137-4A78F3662889
B180CA83-2E81-43EF-BB14-BDD186159F31,678859A8-F705-4F29-8BBC-2BF2E86864AC,67E33E3B-3EA0-4D14-ADB6-7C7297A7176D
0AF37AA2-C5A1-4AC1-B540-393F976A27A0,D60491B9-4479-4455-85B0-E09EF961FB6C,3C27C1E1-AF68-4DC7-87E1-06FCE480A4F1
02AF2630-572B-4861-BA2D-F33E14A3EBD2,108F9567-C559-4CEC-B638-F20F0114FE15,53107F3E-4308-489A-B298-80D55583C4CB
5A6DAA61-2A6D-4489-AA7C-90D7107C6AE8,6D34487E-1254-492C-9BFB-788EC4979D70,BBB2CD39-21C6-4EC7-BD90-1A60E837A1A2
BD6F0DBD-04B4-458B-98E8-FDD79B410893,2E975117-9F9C-4B57-9C96-4264268FC5AF,60E535A0-68AB-42AF-A3B7-2A14246D55BC
75B93F40-E04C-4DA2-9DB5-AF332583EDE4,77B6A640-D85A-402D-B895-16C8C85C668D,8B0BDE5C-5A77-4542-9EDF-EA6BB97235AD
C055DDCB-5D48-468C-B397-01CE29774A62,A07B6FA1-ED0E-4BAF-8DB0-27327040E4EB,3515F29F-F26F-482C-B666-C30A645E7343
95DFAB54-8746-43FA-9BCA-5F36096EBB1B,A9750D60-EDF4-42AD-AE7C-FF24D9BC4FB4,E086BB5B-1608-46B2-86A1-8A7ADA1AD99D
151E94FD-B43E-41F2-A65F-AE2690855BA6,281BCE93-70E2-4DB0-97E9-0EAD14BF34AB,BBB2CD39-21C6-4EC7-BD90-1A60E837A1A2
B6B1504B-0454-4190-8D86-1194A33EAC2E,8D82C7E8-5157-4E6D-988D-58BBA2975127,CEEDEE6A-8397-46FC-BCDD-4867A4EBB304
2AFC8BC3-C6AE-4368-8EDA-7A9791F39AAE,B51E6389-9C7F-4539-BE77-47DA00C83BD7,CEEDEE6A-8397-46FC-BCDD-4867A4EBB304
1B981809-2786-4937-B60C-92790E50B9F4,A8C4635B-C770-44D6-A78F-FD1E3E9A6C3C,549B9F6B-B2E8-4EC2-B14A-897C7ADCB280
04BA96ED-B3FA-4486-A6B4-15D42DD51FF8,7D235221-0549-4FCC-83C2-E974008DC1E4,F45EF324-714D-4015-B88D-A46D537D515E
5E40D669-CA2D-4000-89B0-C49747EED311,9FA22D81-02F9-4311-A429-16C526DE45A7,A83BE29F-3278-48BC-AB48-2FFB06EC94D9
46F9DF0E-F441-42A7-B7C3-A7183C4AE64D,51D1375E-002A-4334-9381-DF44BA396845,A83BE29F-3278-48BC-AB48-2FFB06EC94D9
6065BE01-52EC-4ACA-917C-90F1C2965C85,24BF32D7-5962-4C80-A936-BCA04943FE42,850202B5-4A09-4ADD-B19A-971AE893CA86
6A338564-7BBB-4384-A6A9-60077623C32B,9077DD82-35F7-494B-AB84-36A91E0CFA31,1C96E18A-82CB-4D18-9AD0-F30AD5E39AE4
BFD92AF1-B09A-43B5-98C0-FC4F668CE907,A8C4635B-C770-44D6-A78F-FD1E3E9A6C3C,9D99996C-7B13-4B34-8FCB-29339F018231
0052B6BB-8665-41E0-9F8E-5692D620079F,B6E1D69E-D771-4639-B393-71AA28824B70,3C27C1E1-AF68-4DC7-87E1-06FCE480A4F1
1018C80A-8EE9-4F9B-9A85-E3121B960D38,B6E1D69E-D771-4639-B393-71AA28824B70,F06697E3-F6C1-41B9-BE11-F3ABF450DBF8
E48CF71F-191B-48E0-9BE1-72B2E91520C9,A07B6FA1-ED0E-4BAF-8DB0-27327040E4EB,3C27C1E1-AF68-4DC7-87E1-06FCE480A4F1
1707AD7F-5CA1-418E-92D8-CB176252AC6B,8FEB46C3-9DBC-456B-A12C-449E9F5A5BED,CEEDEE6A-8397-46FC-BCDD-4867A4EBB304
FBDD757B-EE9D-4A02-9FCE-2A7238882E52,7C400544-9B08-482F-B261-C91C4D39A059,A94540EC-D15B-4F52-A7FB-256620A9B1CE
1E75168C-0C27-43D6-B129-A02009138DB0,7C400544-9B08-482F-B261-C91C4D39A059,A4DD6DFA-4CCE-42FC-90E1-C720ACD70F2F
5AF32244-0BD1-436C-8484-150D08D3EF2B,FF95CB7B-F65C-4685-9016-D1A8C6A8DAD2,F5C10BC2-1E11-446F-9137-4A78F3662889
901C2B92-7DE0-4EAB-B32F-63AFF5A8E76A,10C1893A-1E1B-476E-AE5C-27926EEC41EA,85EABD3C-653A-4BD2-BAD6-408E88A1AB65
4AE4B810-2C5E-4B45-8AB8-6FACB72714EC,B3AD1A26-870C-4B60-8C31-0ED8CB0656F3,5D1D33D1-DDDA-47C8-9FA2-B7D496D9043B
6ED57B4F-AEA4-4514-B78D-B83B7C54FA79,7C982FCC-CAAE-425F-BB43-54E7D2D38910,E086BB5B-1608-46B2-86A1-8A7ADA1AD99D
EA722B9C-43F1-44ED-9E6C-7103F14F10FA,F0870878-9B4E-4918-BF6C-69BE2E6D2D63,D972369C-3F07-40F6-87CA-57A58041C0E4
6F8FAB51-CB66-4534-90CC-5B19E84F67B2,7C400544-9B08-482F-B261-C91C4D39A059,3C27C1E1-AF68-4DC7-87E1-06FCE480A4F1
CF444200-CBEC-48D3-B30A-023D81066857,FF679951-A88D-4DF9-A720-B65C134D76CD,3515F29F-F26F-482C-B666-C30A645E7343
7216A921-5BB2-4687-B8E2-8710EB550F96,624B4B10-4667-40A4-B320-80889DB351A7,BBB2CD39-21C6-4EC7-BD90-1A60E837A1A2
141FD7D7-D393-463F-B7AE-B73CE86F22BA,8FEB46C3-9DBC-456B-A12C-449E9F5A5BED,6BDAC70B-7B08-437F-9911-73C1E1D5C6D0
8F981C41-B79F-4FD0-9AEB-5206DE86D5B0,FF679951-A88D-4DF9-A720-B65C134D76CD,463E3EBD-9B59-40F1-BC1E-FFF19C54937A
ED46C53D-8A83-465D-B205-0B5B8E172DD7,AA4FDA65-6D9C-4384-9671-95DBC586D94C,6BDAC70B-7B08-437F-9911-73C1E1D5C6D0
E399FB75-5FEA-4B26-B50D-9855BF33BA39,BF8C61F4-6B35-4B9B-A5E2-F939F5C197AB,8B0BDE5C-5A77-4542-9EDF-EA6BB97235AD
DD786F98-0238-44C0-A119-2BBD0984DED9,FF95CB7B-F65C-4685-9016-D1A8C6A8DAD2,1393EA96-CA2C-4704-A51C-59F50F701BB9
3306504A-4402-4B72-91CD-34BA1970E069,10C1893A-1E1B-476E-AE5C-27926EEC41EA,821B160A-DEDB-4819-ABDD-75A0F16BB803
45653BEC-A260-490B-BDA5-66214DEAFC11,B3AD1A26-870C-4B60-8C31-0ED8CB0656F3,9D99996C-7B13-4B34-8FCB-29339F018231
4BAAE53B-3073-459F-9275-49350F919C12,D9202DD3-74AF-4034-80AE-8C02D592CD03,8B0BDE5C-5A77-4542-9EDF-EA6BB97235AD
6E835E33-BD1D-4258-99F9-459EDC73236C,7C982FCC-CAAE-425F-BB43-54E7D2D38910,CA589255-21D9-41A2-B6EB-B3A6B502F4CF
4EFDBF2C-91A9-4D15-A694-12F50292DEBB,F0870878-9B4E-4918-BF6C-69BE2E6D2D63,F45EF324-714D-4015-B88D-A46D537D515E
06F8F17C-3A92-4AF1-B886-3C094718DC67,24BF32D7-5962-4C80-A936-BCA04943FE42,3C27C1E1-AF68-4DC7-87E1-06FCE480A4F1
2FB48E7B-0F17-4237-9CF7-33531827AA23,BF8C61F4-6B35-4B9B-A5E2-F939F5C197AB,3C27C1E1-AF68-4DC7-87E1-06FCE480A4F1
99BD2195-251D-4202-80ED-2766D8048966,752B9F46-DE01-4231-B9D9-81D6AEDC4814,F5C10BC2-1E11-446F-9137-4A78F3662889
B546E6B8-BFB3-494C-BE61-12FB365C121C,BF8C61F4-6B35-4B9B-A5E2-F939F5C197AB,702FCBAB-9BBB-4838-9667-B187E81CC3E9
3452BDC4-B097-4222-B724-96EFE751B6DA,B7F8BEB2-D39D-48FD-9E1E-D74E46071919,CA589255-21D9-41A2-B6EB-B3A6B502F4CF
BD30C93A-BDAC-4085-8397-0BF53E0E556C,5112BECF-DD48-417E-ACFE-E4A175C8B9A2,4CE9573E-6FE1-4E49-83BC-2207E05ABA99
A3EF8DED-147B-42FD-B4B6-38BBBD85326A,3C9AD93B-E186-4AF7-927D-F9787E48F6F1,248BD796-A7F1-481F-8F8C-31E5441BBDF1
0600FC03-CAFE-4622-9F73-E776C8A67A4C,24BF32D7-5962-4C80-A936-BCA04943FE42,2534CBD7-4F2B-4B48-BD85-D72F0931C79F
39C9736B-1CBE-4D8E-AE16-ACE66AADD774,2B0C33A0-4D58-49C5-8595-9BC9DB0A0546,CDD6B015-F84F-42DC-9C5C-3C14A84E11ED
88517611-3A66-47DF-8BFA-B4FD439B776C,752B9F46-DE01-4231-B9D9-81D6AEDC4814,1393EA96-CA2C-4704-A51C-59F50F701BB9
630C0A6B-BAAC-4482-BDB9-E1F8045EEC40,624B4B10-4667-40A4-B320-80889DB351A7,CDD6B015-F84F-42DC-9C5C-3C14A84E11ED
C70B2B86-F2AD-4B58-9FDC-96AC498C2C5F,E2B76BB2-C8AC-4F88-B002-57C5D8F09F76,85EABD3C-653A-4BD2-BAD6-408E88A1AB65
76E04918-0029-49DE-A878-9799DD2B417D,86119D36-9A61-433E-9FF6-F118DF185E09,248BD796-A7F1-481F-8F8C-31E5441BBDF1
95950306-E36A-490D-9203-1E591E13D08A,F0870878-9B4E-4918-BF6C-69BE2E6D2D63,60E535A0-68AB-42AF-A3B7-2A14246D55BC
6476C31C-4320-451D-A5AC-E71E2D204758,3A83973D-E88B-422A-8320-1669838EDC85,CBB70A16-C82B-42B2-8620-216E3158C9E8
94906800-192A-4F9E-8049-7BB883B56A31,B3AD1A26-870C-4B60-8C31-0ED8CB0656F3,102E61E0-C10D-49BA-9644-22758FF2E706
22ECE2B2-CE98-416A-953F-A17DEDA6BA2B,D3BEF538-107B-4B5A-84B2-ADD4F4070E3F,698ECD5D-26E5-4F95-A1EC-2632A959FE45
A430237F-2724-4245-A888-D4AF0553A060,F7DDD990-400C-4DC4-8821-235D0E99B174,463E3EBD-9B59-40F1-BC1E-FFF19C54937A
8ABEC648-CF26-4DDD-A557-0CACD3D2BE5E,44112609-8695-46E4-BE1E-3B0D866FAB61,CDD6B015-F84F-42DC-9C5C-3C14A84E11ED
A39EE7BD-B5CF-4513-ADBD-448502E22266,B48F4558-9E49-4462-8BC8-B3B11076E51D,C9B963AD-16DB-4B03-BA10-020E9D87D31F
5D7820C3-8995-4D9C-AD1E-75B9269DA4A0,B3AD1A26-870C-4B60-8C31-0ED8CB0656F3,0A512D49-73BA-4DAB-B532-C990A175793E
24EE98AD-F325-4BF3-AA25-A15292F4736D,3F0AF2E3-52FB-41A3-8915-9C9BF9549F89,4CE9573E-6FE1-4E49-83BC-2207E05ABA99
FA6CAB65-2276-42CA-8B6C-A853446DAD7F,D3BEF538-107B-4B5A-84B2-ADD4F4070E3F,1C96E18A-82CB-4D18-9AD0-F30AD5E39AE4
70F1288E-D223-4747-950C-0EF44DFAB760,23E0693F-6D27-4328-BCB2-0BC863A0D47D,6BDAC70B-7B08-437F-9911-73C1E1D5C6D0
9A2CDFE6-3547-4C44-A25E-CD22AA8E6EF8,1746C2BC-D404-4927-A7E9-0301F176009C,8021228A-137D-4E66-897F-3E1CD15ED193
090DE010-D8EC-480C-8134-41A382589957,4B97CDFB-F903-45F1-B7CC-C0207C8728BC,3C27C1E1-AF68-4DC7-87E1-06FCE480A4F1
643FDA47-E142-4A97-BBC1-2CF4DC3BC997,9A09EF78-3A8F-4093-820F-0154D855E1DA,698ECD5D-26E5-4F95-A1EC-2632A959FE45
C22CCE03-999E-49AB-8FAC-70B5FC8C98D5,457B9C83-3135-46C0-9532-0AD855B8618A,4CE9573E-6FE1-4E49-83BC-2207E05ABA99
E13489D4-EB24-4D94-83C3-37EF3D497CA9,556EE5A7-B11A-44BB-92E5-27C7CB892BBF,CA589255-21D9-41A2-B6EB-B3A6B502F4CF
2354BC5B-98F9-413A-88B6-404D00ADEA5A,C588E4EC-63EF-4F34-ABA7-FA9CD4A1147C,BA68CA6D-89B5-47C5-AB02-13DFCCFA62A7
C5FB3D55-2C83-4EA4-AA7C-F8C8F06AEDD3,B7BB73F8-84C2-426F-B863-81CE18918663,248BD796-A7F1-481F-8F8C-31E5441BBDF1
443FC7A2-4879-41CD-99A7-249F5A18BF13,26971144-4C3D-4EE6-A891-D31511287630,3515F29F-F26F-482C-B666-C30A645E7343
4C9A5A48-6ED1-4186-8595-887D51926D66,556EE5A7-B11A-44BB-92E5-27C7CB892BBF,1328484A-50E7-430C-8304-25BC14FC8F24
38C22122-4787-4C55-83C4-CDEB35B39BE8,93C5B8D7-5E32-43AC-9300-4B7236A3D8A7,85EABD3C-653A-4BD2-BAD6-408E88A1AB65
1DB87A33-DCED-4B22-B5BF-A6B5FB941AF0,C588E4EC-63EF-4F34-ABA7-FA9CD4A1147C,C9B963AD-16DB-4B03-BA10-020E9D87D31F
007E4874-4AE2-46A2-8428-B2060E17512B,B7BB73F8-84C2-426F-B863-81CE18918663,E5279A49-1359-4DE3-A79D-9545A295B56C
E8DD46BE-4BD2-4CD5-A9C8-97F3DF9E32DA,23BF150E-2664-4443-9170-6F94E1083A32,1328484A-50E7-430C-8304-25BC14FC8F24
F1E6E3FB-6A8B-4EB4-BBD6-A8997D0423BB,F64DD7CF-664F-49EC-BBAD-15E67A7F1F41,698ECD5D-26E5-4F95-A1EC-2632A959FE45
932AB2E7-792E-401C-9D01-C4E42C00C92F,6F3E84C5-6D69-4288-ADE4-33AC40852908,4CE9573E-6FE1-4E49-83BC-2207E05ABA99
85850C07-0C23-4877-AB6E-B111780D0A91,AE617946-91B7-415F-9682-659229E1ACF5,850202B5-4A09-4ADD-B19A-971AE893CA86
9A781EA7-B34A-440C-B2B6-1A6C466559B9,E4B26D6F-9A8A-406F-B6BD-AF7A29D5D59A,702FCBAB-9BBB-4838-9667-B187E81CC3E9
E0B5E361-7C0A-4812-BC34-E89802D7CD4F,9A3DC1E1-7C90-42EB-BFD3-D1A15688FEC9,A94540EC-D15B-4F52-A7FB-256620A9B1CE
DDF8F29C-6C33-4A44-8C62-9092D4C9798F,9A3DC1E1-7C90-42EB-BFD3-D1A15688FEC9,A4DD6DFA-4CCE-42FC-90E1-C720ACD70F2F
B40B1BD2-9349-4665-9FA9-9CC0D6E419F2,8F16E4FB-AD6C-4499-9E25-6DE48686D638,CBB70A16-C82B-42B2-8620-216E3158C9E8
4EDD256F-D7E5-4DAF-BA42-241291F35244,74F617A4-0F3C-45C0-8CF7-A2308BB30593,77A6D08C-617A-494C-AFDE-F931AF89A2AF
A00A2205-F17B-4A87-B14B-0652DAA1E648,B7BB73F8-84C2-426F-B863-81CE18918663,B75B0997-9DFA-42F4-9E17-13DE0A71D0E7
0F494AAA-FF8B-4E33-B398-0BB478917C94,014CE30F-9008-4B41-A05A-15CCD5045F9A,702FCBAB-9BBB-4838-9667-B187E81CC3E9
07106AF1-176C-4BBF-9C48-BC1EE638AD68,014CE30F-9008-4B41-A05A-15CCD5045F9A,3C27C1E1-AF68-4DC7-87E1-06FCE480A4F1
76037721-B493-4BE4-BA38-0E53508EE603,95A9AD2F-EEBA-446F-B219-82F1BAF21E1E,880592A7-AD53-4F66-A176-CEFF504ADDCB
FC0D3F29-9D18-408D-8ADD-29C446A6F6A9,95A9AD2F-EEBA-446F-B219-82F1BAF21E1E,99820B8D-A4BF-4AFE-9E80-12BB0015F15C
4ECE359C-1293-4818-B775-2FE348428865,43F7E344-C0F4-4C28-86BC-DCA8769007C4,3C27C1E1-AF68-4DC7-87E1-06FCE480A4F1
816C6FFE-A3BF-424E-8CC6-3CDCD4F58D93,7EFB5BB0-38CD-407D-B515-2D33A5E10CC6,A94540EC-D15B-4F52-A7FB-256620A9B1CE
973ABC63-36DE-403F-95F6-22ED821FA892,7EFB5BB0-38CD-407D-B515-2D33A5E10CC6,6A0E2BFA-5702-4319-AFFA-CD4513059A2C
5BDF587A-EF92-44E7-A7EA-C915EF68A9EA,964A9402-5FD5-42F5-ACD1-128095BA70C6,880592A7-AD53-4F66-A176-CEFF504ADDCB
5ECA7964-8707-4D76-A9E8-EE5AB7D13F32,94DD0DFD-730F-4E14-9ED7-A11954CC6990,86FE4C12-AD01-4D21-92C7-4922BBB3BFEE
8BF80721-577C-4CB0-B28F-2EE64301F766,BF672784-5C84-4EB5-AD86-A333F9B3C1E4,B75B0997-9DFA-42F4-9E17-13DE0A71D0E7
8303A308-12C2-41AA-A0CE-FE988205DAAA,6F3E84C5-6D69-4288-ADE4-33AC40852908,77DB9112-040F-4D63-B6A2-6CF92EFC22E6
D3805728-BFB4-47B6-9D23-0892B83574E6,E4B26D6F-9A8A-406F-B6BD-AF7A29D5D59A,3C27C1E1-AF68-4DC7-87E1-06FCE480A4F1
83BC0D01-E30B-4415-9715-7644AC4F1A7F,9A3DC1E1-7C90-42EB-BFD3-D1A15688FEC9,6A0E2BFA-5702-4319-AFFA-CD4513059A2C
F98F3468-FB3D-419A-B655-777A8EABCB4A,8F16E4FB-AD6C-4499-9E25-6DE48686D638,07388574-824F-43A9-90F5-15D6AD36B694
A939F448-8EA0-4576-BFB3-A940E2849FBC,CBB91060-B3D0-4CA4-B2A0-82F48552C830,009A2D74-03C2-4F29-ADA1-1FD06A32C9BB
DA5A6305-FF18-4164-B9E9-E030527B5126,B85CE798-0868-452D-B74F-75C94F6E65A7,60ED1926-7400-4A76-A86F-8C3B543C3AE8
99C343D3-D0FE-4A14-865F-DDBA14F07C09,C6B224B7-C627-4B23-92C6-80FB05055C42,0982E740-8C1E-4F0E-9FC7-E9A41FA93655
0E5AC310-E562-4943-BDAB-7F0C1735F556,999E3CE1-0B84-44AF-90EF-CCCD3B6BECE7,833F6456-5B2C-4BA3-8DAB-2BEA1EB57579
68D436FB-914B-4774-BF44-335A335C195A,74F617A4-0F3C-45C0-8CF7-A2308BB30593,482E3547-0139-4B56-BB5E-8557F2066036
9DA8FEA6-28A4-46D7-8D30-FB814ACA356B,1C3227D7-C6C3-4201-8E6D-C40B7E727EAB,833F6456-5B2C-4BA3-8DAB-2BEA1EB57579
87C79BB6-7C52-4FC4-8B20-42958CA752BB,95A9AD2F-EEBA-446F-B219-82F1BAF21E1E,102E61E0-C10D-49BA-9644-22758FF2E706
267C3616-F27E-447F-B9B3-2CA04B002E99,5741C878-C258-4C0F-A716-56E3473CE0E8,B3867ECD-B328-4867-933B-DA0A5E5A248B
4A6EA57E-49EE-4FE5-8F0C-177D62F76D39,43A97F8B-49C9-41B8-8E09-26C185A4D777,BA6CAD63-86E8-4215-B513-F4FB23FC4D76
ADFD0A67-9F4F-4855-8475-B5802068A665,7194749B-600F-4414-BC57-996FA9AB8BEB,C18C7D47-DEB9-4E87-BAA2-991DE7D83410
71CBF694-5E28-4DFF-A447-F87C3029EB9E,2613140A-39C3-4A4C-B12B-43F5BA0DA0CC,BA6CAD63-86E8-4215-B513-F4FB23FC4D76
8699629B-4370-44DD-AECA-534252FCFF9B,7EFB5BB0-38CD-407D-B515-2D33A5E10CC6,51B70068-E324-4E3F-A562-64F099C8063A
7A4EF122-AFD9-4E70-AC3C-00E20C956AD7,964A9402-5FD5-42F5-ACD1-128095BA70C6,BA6CAD63-86E8-4215-B513-F4FB23FC4D76
A19F030D-FE03-4CF3-807D-7CDF31499F4C,94DD0DFD-730F-4E14-9ED7-A11954CC6990,2534CBD7-4F2B-4B48-BD85-D72F0931C79F
AB6EC1FE-FB7F-421F-8B1C-32EC18518B9E,26971144-4C3D-4EE6-A891-D31511287630,77DB9112-040F-4D63-B6A2-6CF92EFC22E6
E4E25798-D9ED-444E-8898-A176F9651564,43A97F8B-49C9-41B8-8E09-26C185A4D777,C885548C-076B-417C-A3CA-9C8BDDC94E4E
C630697B-72F0-4796-9E64-616DFD7DD151,6DAF0203-BF92-4C0D-8A99-07DA3111AC87,24486431-253D-4BD1-9401-A4A535E1319D
20BF3E3B-3A71-45E1-B9E2-1D9ED73FF329,64ECA010-CD1A-43FB-A36B-788022CF60B6,702FCBAB-9BBB-4838-9667-B187E81CC3E9
D7EDC0A7-087B-459F-B636-02B63899283E,2613140A-39C3-4A4C-B12B-43F5BA0DA0CC,EE214C88-3915-45AD-A3B3-0416E60D26A5
48B3FD11-68EA-416D-B263-E2EE4518CCAF,2613140A-39C3-4A4C-B12B-43F5BA0DA0CC,7CC8C608-716C-4B5C-9F13-263A888DAC0F
AF1A40C6-997C-4931-BF2F-5496A301EABA,3FE4DEC5-F4B3-401C-934B-12F74221D942,415FB915-E89D-4FDB-9403-44D747D7FA0E
2DBD1609-6C44-4260-BA7F-99378AFD620E,F19C02E0-DE09-473A-A2EE-198BED7C463C,F0D477A9-02D3-4754-95E1-F02D9D4CC01B
120F294B-C9A8-4904-8346-72E11C0FBF76,CB0CDA67-594A-4DA5-A72C-D5B2E9A6E6C4,880592A7-AD53-4F66-A176-CEFF504ADDCB
8FD898E4-FE0A-4BC4-9F50-6448DFA405C4,D60491B9-4479-4455-85B0-E09EF961FB6C,009A2D74-03C2-4F29-ADA1-1FD06A32C9BB
8B96CE08-7D02-4FFB-8598-37327477E1C3,1209256D-512E-4A7F-B4CE-EC71D3339274,698ECD5D-26E5-4F95-A1EC-2632A959FE45
95D4B085-8E29-48BC-ABE4-095E09D7DAB8,94DD0DFD-730F-4E14-9ED7-A11954CC6990,B1406B1E-AD95-4A02-803C-596B38305FB9
83303F95-6D22-4FCF-B7FB-D2377179A79A,A0A5AD4B-F2F9-4C96-AF4E-18AC5ECF213C,99820B8D-A4BF-4AFE-9E80-12BB0015F15C
173F99B8-3841-4C7A-9ED5-E97A29E092EE,23BF150E-2664-4443-9170-6F94E1083A32,99820B8D-A4BF-4AFE-9E80-12BB0015F15C
0606A5D7-6ABE-4577-B09C-BAED211AC34F,3FE4DEC5-F4B3-401C-934B-12F74221D942,291937C7-28A7-4F83-A86F-5CAA70E96FCB
D52DD51C-8F10-4A05-B88B-B89CB02D42D4,964A9402-5FD5-42F5-ACD1-128095BA70C6,102E61E0-C10D-49BA-9644-22758FF2E706
06B0E1DC-ED21-4CED-BE0D-38BFF52940A2,17875804-33AD-4B17-BD8A-1DF9D1CBAD66,07388574-824F-43A9-90F5-15D6AD36B694
D8205519-ED94-4DA3-9BB4-835DE4686B5F,465CB0F9-A32E-443A-9110-5909EEF72D69,2534CBD7-4F2B-4B48-BD85-D72F0931C79F
85E93FF2-D13A-4742-ACCD-B9F9C6CAFD30,41255883-87D9-4F47-80A6-3FF5CCF802C9,86FE4C12-AD01-4D21-92C7-4922BBB3BFEE
0EF059C6-B2F1-44D8-A61B-A17E44D65055,FF262178-F90C-4DB7-A4A1-395B6980A815,F0D477A9-02D3-4754-95E1-F02D9D4CC01B
81006D3C-D6B9-41E1-9D39-152278A5AC2A,C0EDB885-2C96-4C4A-B8E8-1062A3728FFC,60ED1926-7400-4A76-A86F-8C3B543C3AE8
6FF591D2-2B95-475F-B283-B3F8C7BDBF03,1746C2BC-D404-4927-A7E9-0301F176009C,A1907029-E2CC-48E8-B29A-BCFC13394D4F
1DA1C2AD-6BD7-4669-91D1-35C9840E7FB3,C6698CB5-C4A8-4530-B39E-49AC2F72785D,09A4B908-8E1F-4C67-BE28-756528A5ABF1
0DAD0845-5B80-4A1E-9B99-7AAD1FAE3DE8,64ECA010-CD1A-43FB-A36B-788022CF60B6,3C27C1E1-AF68-4DC7-87E1-06FCE480A4F1
559CF043-2A41-4C16-8926-7F377A18A293,93C5B8D7-5E32-43AC-9300-4B7236A3D8A7,415FB915-E89D-4FDB-9403-44D747D7FA0E
01A5D906-BA14-44A7-869E-F3927E366F81,A4E4836E-1F64-48C3-BB61-A4DFABF45B7C,EE214C88-3915-45AD-A3B3-0416E60D26A5
A72AD0DD-3EB5-4B93-9B29-AEE69D0CD0C8,23E0693F-6D27-4328-BCB2-0BC863A0D47D,1328484A-50E7-430C-8304-25BC14FC8F24
750A11BB-688D-4B3E-BED2-9FAC06DE221E,226C4A90-96CA-4BA0-9569-6447781C0055,833F6456-5B2C-4BA3-8DAB-2BEA1EB57579
C5D9070A-B85C-40E4-AF99-5581427F5F46,23E0693F-6D27-4328-BCB2-0BC863A0D47D,99820B8D-A4BF-4AFE-9E80-12BB0015F15C
E1F097D7-3565-43F2-9BFD-2082C3E4B6C4,45E46658-D06D-4364-BA07-C4E582D5BBC8,51B70068-E324-4E3F-A562-64F099C8063A
95C214DC-A144-4D10-BF98-FF7F54D4588B,4B97CDFB-F903-45F1-B7CC-C0207C8728BC,850202B5-4A09-4ADD-B19A-971AE893CA86
65380BB2-3EAC-45D9-AED4-546132C03F6B,26971144-4C3D-4EE6-A891-D31511287630,B1406B1E-AD95-4A02-803C-596B38305FB9
55285DCC-A13E-4AF6-A6E0-7011FB6D91E7,1BBC025E-64D7-4C1E-A7B1-69E4DCFCD06E,C885548C-076B-417C-A3CA-9C8BDDC94E4E
E0AE9D28-DF99-4F55-BBAD-E577B4B696EB,1BBC025E-64D7-4C1E-A7B1-69E4DCFCD06E,B1406B1E-AD95-4A02-803C-596B38305FB9
AA0C65CF-1C1B-4AE9-B45C-103FE7A1A4F2,ADF2899B-141E-47E6-A407-24821F9A5268,B3867ECD-B328-4867-933B-DA0A5E5A248B
F5903426-4966-4A76-AAF7-632CE7BD4F44,0B567444-01C2-4E84-8D67-0AA9E004EB2C,83A7089E-7D4B-4279-8472-81DA36D0577A
926427ED-A6B3-4054-AF39-02D8289F0A47,ADF2899B-141E-47E6-A407-24821F9A5268,09A4B908-8E1F-4C67-BE28-756528A5ABF1
F8BADF47-6F87-4326-BA9F-5D909C113646,273D7593-5BB3-44BB-995A-A0341227170E,3C27C1E1-AF68-4DC7-87E1-06FCE480A4F1
D24DF11D-DD73-4E37-9E5B-F450EAE33717,26971144-4C3D-4EE6-A891-D31511287630,EE214C88-3915-45AD-A3B3-0416E60D26A5
A56CB317-1F4B-439C-970C-C354298782B6,80B6D74F-0A0B-41EF-96B4-580A4056435E,B3867ECD-B328-4867-933B-DA0A5E5A248B
8EA19161-3124-4830-A7E0-1306901CEA04,D7954F7B-8A86-4653-9D04-A88B3CD31579,1393EA96-CA2C-4704-A51C-59F50F701BB9
DDAF0DEB-3620-4F89-AF4A-AB57D080EE3D,1BBC025E-64D7-4C1E-A7B1-69E4DCFCD06E,3C27C1E1-AF68-4DC7-87E1-06FCE480A4F1
94C7F626-9875-4C38-9100-0605058EE149,F5ABBC00-0759-4110-BEE8-00C18C7CB4D6,E8A19C63-79EF-44DE-B841-BB53000C2051
B3C94EE6-410E-4931-ADD9-412DF065D6A6,209A90BD-EDC0-4C56-8041-A1081273B2A0,09A4B908-8E1F-4C67-BE28-756528A5ABF1
957B1C4E-B3CE-46E0-8C0E-877FE2728564,04804123-490E-471E-A1C9-59EB2C344BD4,702FCBAB-9BBB-4838-9667-B187E81CC3E9
331AF021-5817-4F52-A292-EFC010419155,0B567444-01C2-4E84-8D67-0AA9E004EB2C,04D2FB03-FF5C-4AA9-AC58-5D97E5A44E87
02AB0F87-2B7F-458B-BCF4-467D051C8671,CBE97A59-E0DA-43DB-9298-1893BD578534,702FCBAB-9BBB-4838-9667-B187E81CC3E9
9CFA1AF2-5EE3-462D-93A0-929544E4728F,07811E06-4CCD-4068-8B6E-18031A312E9F,7FA737D2-98F2-4246-904F-46D6B4595A1B
E3C9719B-E90B-4E98-ABE8-335D8AC28191,7194749B-600F-4414-BC57-996FA9AB8BEB,8D113731-5228-44C5-A146-4B8E427B8EC5
27493EB9-18C7-4BE3-AE4E-0FC5D9804B01,ADF2899B-141E-47E6-A407-24821F9A5268,F5C10BC2-1E11-446F-9137-4A78F3662889
A9C0522D-F2AF-432F-A079-463727F8405F,3CA50D36-268A-40EB-BC99-5D7C22CD2461,6BDAC70B-7B08-437F-9911-73C1E1D5C6D0
1A2F75E8-1137-4042-BF3C-96316795EFFC,1BAFBC79-E691-44F4-A12E-D329859A236E,A1907029-E2CC-48E8-B29A-BCFC13394D4F
D876E183-2B78-4FA7-A5B5-04DEF5BC71E8,1BAFBC79-E691-44F4-A12E-D329859A236E,009A2D74-03C2-4F29-ADA1-1FD06A32C9BB
18D472F6-A418-43F6-8BE2-1C9F7ACB56C9,6571EC4A-3479-4DC3-8E73-4AAF023F4699,880592A7-AD53-4F66-A176-CEFF504ADDCB
18EE9A2D-1861-4A4F-8E59-DDFF9FCE0A36,58378E82-B27F-44AD-AB75-64DA6F965156,880592A7-AD53-4F66-A176-CEFF504ADDCB
7AD921F7-D625-466F-90F9-0BF006E1C458,58378E82-B27F-44AD-AB75-64DA6F965156,99820B8D-A4BF-4AFE-9E80-12BB0015F15C
02B516B2-FA45-4799-AEDB-F796200D4763,2F975755-C5DB-4A2B-A7A3-6467E83B1DD6,3C27C1E1-AF68-4DC7-87E1-06FCE480A4F1
2647989F-D8C0-440C-8F1A-5184D94DEE2A,82CDDB6E-48A3-4B70-ABCC-2F38A4924D94,3C27C1E1-AF68-4DC7-87E1-06FCE480A4F1
5AF01A84-A238-4B27-B659-CFBCB09A4DFE,FBC986B1-A0DF-45DA-B7BD-C149A7EC5A3C,3C27C1E1-AF68-4DC7-87E1-06FCE480A4F1
055CE6EB-D737-417D-8A8B-A0F9B110ED78,1ACB301D-428A-4122-805A-CCD3BC3C7771,3C27C1E1-AF68-4DC7-87E1-06FCE480A4F1
040A4244-82BE-41EA-97BF-469C9B399CE9,0EAAAE3F-6599-4A24-B150-174D53E19F94,3C27C1E1-AF68-4DC7-87E1-06FCE480A4F1
92312BBF-8283-4BFB-B87A-36D338C8144D,A61EF0D6-AB5A-4512-838F-54D7CADF069C,3C27C1E1-AF68-4DC7-87E1-06FCE480A4F1
CB0113C4-6BB7-4254-A9B7-4C393CCD0F21,5039F5E3-5FBF-49F3-9BB9-1A85AE6EF1E7,3C27C1E1-AF68-4DC7-87E1-06FCE480A4F1
E2241D3E-115F-4582-BB78-73F482E2C222,491C648F-47B6-4893-B676-7B47BD6A7858,3C27C1E1-AF68-4DC7-87E1-06FCE480A4F1
1F4EB9F2-3400-465F-AA84-95030ABD92AF,8BBA4A3A-CDE9-4863-9955-A0E238B9BA77,3C27C1E1-AF68-4DC7-87E1-06FCE480A4F1
69E24ECD-673B-4BDB-9455-73D7DB8D3F41,C783C4FF-A523-4002-8DFD-0A7FFFE53504,3C27C1E1-AF68-4DC7-87E1-06FCE480A4F1
EE7F609A-64CE-4849-970C-8F5C3FC6F0FC,DE14C0E0-9281-4BE7-BC79-722B0F4BFE20,3C27C1E1-AF68-4DC7-87E1-06FCE480A4F1
BB36A373-F3DA-46D4-AEAC-13A603314739,7EB34E2C-5E24-4162-ADC5-76F0708A2C9D,3C27C1E1-AF68-4DC7-87E1-06FCE480A4F1
5D2095A5-4736-4437-88FA-DD729F050609,BCE6A54B-F24A-4DEF-8085-48D4ADFFEAAA,3C27C1E1-AF68-4DC7-87E1-06FCE480A4F1
D8F9DE55-0309-4794-8C9F-1ADA752AB64D,C0AE9CDE-7EF6-4090-94DF-1230C45DD289,3C27C1E1-AF68-4DC7-87E1-06FCE480A4F1
386DBD14-88DF-45C7-9BAB-B08C0ED58269,9D0EB918-85DE-45A8-9141-60D12D817A01,3C27C1E1-AF68-4DC7-87E1-06FCE480A4F1
BEB980F9-1CAE-410E-B284-4E49EF3651A9,6F92D424-4C2C-45E5-BFDF-08525AC12365,3C27C1E1-AF68-4DC7-87E1-06FCE480A4F1
C15A5BA2-8649-438B-B5B0-CF2C82A7CC3D,85EC3A53-C0C1-4DBE-A670-8B85DDAEEC29,3C27C1E1-AF68-4DC7-87E1-06FCE480A4F1
D9D6611E-086D-4E57-AA62-CF4A24FACD25,78E5D7D1-AACE-46A4-A336-5C4E33F70497,3C27C1E1-AF68-4DC7-87E1-06FCE480A4F1
95DD6382-AE96-45F1-903A-9263D6E482D1,648D6323-3BC4-489F-B635-68E3580914DA,3C27C1E1-AF68-4DC7-87E1-06FCE480A4F1
7A95437A-A025-4ED0-95F5-398BF40BA2D3,0BA1727D-4DEB-4CD9-89D6-701D4880997D,3C27C1E1-AF68-4DC7-87E1-06FCE480A4F1
2D528928-05C8-48E9-871A-B138A7F3AEBE,4E3D8861-FC24-4A91-B2CE-4ED027DB132D,3C27C1E1-AF68-4DC7-87E1-06FCE480A4F1
C3005469-C55B-4844-8818-12884E23EB2C,B3936F93-E3C2-404A-B076-FB573D3CC503,3C27C1E1-AF68-4DC7-87E1-06FCE480A4F1
CE202276-29A4-457C-824C-480720E02084,FAC38FED-8EAC-4CA8-AC37-E8A53B0F0E01,3C27C1E1-AF68-4DC7-87E1-06FCE480A4F1
2EE46F76-AC04-4A2F-A0B6-1DED34525A87,55232612-87E2-4039-890E-F813B122E5D9,389FF257-5923-4C11-9BFE-8BB015AD414F
A9E54D5D-C70B-4E29-9F94-BF187F295C8B,DF5AC926-F69B-4FBD-9DC9-2E97CE300BEF,389FF257-5923-4C11-9BFE-8BB015AD414F
A44044FE-03C6-4BF0-BBEB-A9F57FE16315,ECF0EC35-65AB-4682-94C0-A9C21DB6B66C,3C27C1E1-AF68-4DC7-87E1-06FCE480A4F1
73EAAB84-A0AD-438A-AD2B-CEDDCA3844C7,85EC3A53-C0C1-4DBE-A670-8B85DDAEEC29,F45EF324-714D-4015-B88D-A46D537D515E
B8CC6AEF-439A-4F45-A374-927740911391,08EA119D-8F2A-49F6-9918-9C6486D2E220,3C27C1E1-AF68-4DC7-87E1-06FCE480A4F1
EC885722-7474-44A2-8AC0-C538CA7CB3C4,4E3D8861-FC24-4A91-B2CE-4ED027DB132D,051997C9-EA95-417D-BABB-B1A5F6F687FA
9A8E8308-CF84-435A-B7B9-4249804BE0F0,9D0EB918-85DE-45A8-9141-60D12D817A01,4AA523AA-163E-460A-BA6B-20C2D25E057D
20453975-A8A3-494F-A5B4-682F138F2E95,53915A71-A607-42D8-BEC0-5A4B458C772C,F06697E3-F6C1-41B9-BE11-F3ABF450DBF8
45899875-A545-4D2F-A04E-122C454B3C04,DF5AC926-F69B-4FBD-9DC9-2E97CE300BEF,7F20DBB5-6DF0-43EF-A1EF-7F866C64E166
A94B8694-8BBD-46BC-BECD-8DE5A571AAA8,BF5B7453-D974-4864-AB5D-B49128C2098B,ED19D11D-62B6-48B4-9A0F-7C21A91B45D8
238BEBEB-9C23-485C-BE56-79F643C8F1BE,EE3F34D4-28EF-4B86-ACAB-D5FFC5A07028,00C6123F-413E-4BDB-9E83-8DE289DD0F8E
3A6268D5-FAA8-4DEA-8458-42F7266DEA16,E4E88B83-95D4-4E47-B7E4-1E94060DA50A,7AB433AC-A76D-4162-BCE7-AD20723AE24C
BC617B5E-FC27-4A4F-B78E-100BFFBEBF09,6F92D424-4C2C-45E5-BFDF-08525AC12365,DC101218-7A6A-416E-A880-4837DE382B2F
CA7F8CEB-F26D-46D9-BD9B-1C63D5F0B665,919617AB-1B2B-434D-85B9-9634D6B634AA,2534CBD7-4F2B-4B48-BD85-D72F0931C79F
F0C7B58A-4704-4DF0-8618-A37CF2259DEF,A537AF38-0843-4254-ACC0-2B0206B1D408,0F39D7C8-D425-4BEF-8BE2-28D76F6826D8
03A35B83-080C-4BBB-BC20-B6214AB443B0,936790CF-5F1A-4C67-992F-8FAFCA4B60ED,DC101218-7A6A-416E-A880-4837DE382B2F
503F6C6D-D129-42B0-A395-20A172B46ADE,5AD1263F-BF99-4C93-834F-182879BD83EB,3C27C1E1-AF68-4DC7-87E1-06FCE480A4F1
7F992367-FACD-402D-BBB1-B7A852EAB5F6,24ACB4E7-3FA5-4506-9C22-4F2E8EB96C48,3C27C1E1-AF68-4DC7-87E1-06FCE480A4F1
4190F3B9-E758-4545-B2FC-2404E6175E33,E9B3B278-A309-4422-BA79-420A31E99998,3C27C1E1-AF68-4DC7-87E1-06FCE480A4F1
67216308-5B2C-4CF7-B578-EFB392F8A8CE,E93072ED-07B4-40CB-A22E-8689663CB0FB,4AA523AA-163E-460A-BA6B-20C2D25E057D
C7C1092B-CD28-49C8-BB7F-F8246CFD26E9,DC5A3A0C-103A-4DAB-BB2C-716F949681A7,051997C9-EA95-417D-BABB-B1A5F6F687FA
5EBF8C34-AFD2-450C-99FA-DBA256C0D29A,2530A9B6-69F4-49E4-9A17-9853BF949A49,ED19D11D-62B6-48B4-9A0F-7C21A91B45D8
1ED8BC25-A8CA-471F-BB9C-6E99226406F4,53915A71-A607-42D8-BEC0-5A4B458C772C,60ED1926-7400-4A76-A86F-8C3B543C3AE8
C568F399-5037-4FD9-850F-EC8F0C7212F0,60F6F3D5-5527-4F1B-9B73-6BAF487A2944,7F20DBB5-6DF0-43EF-A1EF-7F866C64E166
BA012C15-D445-4708-85CD-E29E0D71E949,2DF7DA7D-4640-4715-BCD6-C8D24E1E3535,7AB433AC-A76D-4162-BCE7-AD20723AE24C
5C20A50B-FC7B-44DB-9FCC-C4DB5559C944,744C00AA-787E-4D60-9329-35ED5006620A,3C27C1E1-AF68-4DC7-87E1-06FCE480A4F1
85F5D844-2274-4B97-8D3C-9831207C2110,874C9534-64F5-4B72-942D-2835C4E553F9,3C27C1E1-AF68-4DC7-87E1-06FCE480A4F1
73630278-8A11-410C-BF13-B8ABF36B4A12,DF648429-0794-4D30-8639-A16E1ED8036C,00C6123F-413E-4BDB-9E83-8DE289DD0F8E
C7D55324-1FAB-4556-961D-4B1BE8A2F14C,F0413B80-AC6D-4050-8752-3DAF540B89EC,3C27C1E1-AF68-4DC7-87E1-06FCE480A4F1
3AC02E6E-23CF-4DA3-B4D8-4F0B4A47AB7E,936790CF-5F1A-4C67-992F-8FAFCA4B60ED,3C27C1E1-AF68-4DC7-87E1-06FCE480A4F1
44D67ACE-F749-41B1-A6E6-767E4B92FAD9,A36893F8-813A-4D56-8D06-3DD0D0ED9C06,2534CBD7-4F2B-4B48-BD85-D72F0931C79F
01E322B8-33AC-4BEC-BC5E-8FF68D099553,5B48F873-B988-4977-A097-4F154E4C6185,716B26B8-3D60-4A4D-8BD9-93FEC64B5848
D1EC0D80-D0E3-4E3D-AE2A-C105FF9A4777,F671E810-0A39-401B-8B97-EA9CF76C6912,316A6EFD-F938-46A5-80FE-2B99066C1062
75F7C9AF-3F60-4509-A3F1-9F59FCECBC32,33E4A8FC-E942-4101-8019-236FE1C2457A,DC101218-7A6A-416E-A880-4837DE382B2F
B1D48640-E0DC-4F63-8EC3-DD0E2CCB05F1,46462561-83B2-46D4-B921-235F89A71CD5,4AA523AA-163E-460A-BA6B-20C2D25E057D
FA98A183-A9FB-4591-A592-049C94A168C2,D23767EC-9273-4703-AFBC-27E96340B935,4AA523AA-163E-460A-BA6B-20C2D25E057D
3C964087-FC95-46ED-B069-170D98050923,F65A6FB4-460E-45EB-92AC-40EA92AB8C7D,3C27C1E1-AF68-4DC7-87E1-06FCE480A4F1
A50FA1DA-C308-41FD-9412-EE173DC995F0,5B48F873-B988-4977-A097-4F154E4C6185,778C908F-18F2-49E4-B611-19CFB602008B
689A8348-688D-4491-81CE-7BCBF70F3EED,F6D6D952-4DE4-434D-B20D-DF2D49B7D4B8,3C27C1E1-AF68-4DC7-87E1-06FCE480A4F1
F66BA32B-4BCB-42B2-9BFC-5DE5ABDC172E,8B1F20F2-3B9B-4763-BBEB-6769A85ED9F7,3C27C1E1-AF68-4DC7-87E1-06FCE480A4F1
60F97949-0FFD-466B-BBC5-D1774A434363,13B7244B-A8EE-40C4-9860-54D8EFEBECC0,3C27C1E1-AF68-4DC7-87E1-06FCE480A4F1
8575591F-7EF9-4879-9C57-8ECF364A2B71,60F6F3D5-5527-4F1B-9B73-6BAF487A2944,8DB69703-0D7C-4B41-A983-FC630FAC7074
82972954-F5CF-423A-BAB2-DE4F40DA8209,B57A5592-87D2-43D0-809A-41494703BFF0,DC101218-7A6A-416E-A880-4837DE382B2F
03A0C376-85D9-40CE-A281-1C5CD46ED0B8,C783C4FF-A523-4002-8DFD-0A7FFFE53504,051997C9-EA95-417D-BABB-B1A5F6F687FA
5D577300-6E72-449A-9E3A-B6DD9E0F0F96,08EA119D-8F2A-49F6-9918-9C6486D2E220,051997C9-EA95-417D-BABB-B1A5F6F687FA
3A2D45ED-E3C4-4590-9E50-B1DDA6C353DA,00DB364A-1462-48FE-8386-71F19B040A72,7AB433AC-A76D-4162-BCE7-AD20723AE24C
E6B11401-F30E-4BE3-8936-ED685F699EE0,0BA1727D-4DEB-4CD9-89D6-701D4880997D,ED19D11D-62B6-48B4-9A0F-7C21A91B45D8
6B7160DD-E9F8-487A-89DB-45EF62BAA6BA,C783C4FF-A523-4002-8DFD-0A7FFFE53504,F844BDFA-67C5-4F3C-9AC6-91D0521E87E0
C20D4ACB-4A49-4131-B49E-5525F1D32EB4,B9BAC66E-D374-42BD-AD2D-E56167B3F330,4AA523AA-163E-460A-BA6B-20C2D25E057D
5DFFE566-B9C7-4087-99AF-0251156D6402,DF37C4E3-F755-4212-90A6-793E9CEA690B,716B26B8-3D60-4A4D-8BD9-93FEC64B5848
09EB6AD4-EDEC-49E8-98C9-8C7EFB7248E8,0BA1727D-4DEB-4CD9-89D6-701D4880997D,807908F5-67A2-4F59-8D47-ECF512294BAB
C395ECF6-4815-468F-9917-BF2C8B3850CB,60F6F3D5-5527-4F1B-9B73-6BAF487A2944,248BD796-A7F1-481F-8F8C-31E5441BBDF1
7477F35A-E8B6-43B9-A6D7-833D73409517,09B7DD7D-6B18-4D51-BE8A-BDED2940ED89,00C6123F-413E-4BDB-9E83-8DE289DD0F8E
F38BDD49-5DC9-4B38-A0C5-B299E937823E,70508BA1-CE0D-4ED6-97DF-BEB8B391FBF9,07388574-824F-43A9-90F5-15D6AD36B694
2F607E85-5CE4-4A76-897B-070F1E5A9403,DA9FD2F4-E2B1-459B-B0EB-DBB60DB9EF07,60ED1926-7400-4A76-A86F-8C3B543C3AE8
AACC4614-B3ED-4B36-86D9-8AE92DF2C868,FA73D911-4FFA-4144-B649-70CEB164FD1A,284A83E6-568C-4859-9E55-526ABE9D5979
403EEC0C-0E92-4DFC-988B-8F8B29DA9572,85EC3A53-C0C1-4DBE-A670-8B85DDAEEC29,D972369C-3F07-40F6-87CA-57A58041C0E4
67C4FD00-9756-4041-8F5A-218047C32BCE,9A6A53C0-A391-429A-B9D1-24E72610CCDD,07388574-824F-43A9-90F5-15D6AD36B694
0791D5D1-76EC-48DA-9118-539AA0DFF496,9A6A53C0-A391-429A-B9D1-24E72610CCDD,CBB70A16-C82B-42B2-8620-216E3158C9E8
66DC6FA0-E61F-40B3-938A-971EEA84D544,E8A9D39A-1D25-40C9-8390-07491A9B2A45,60E535A0-68AB-42AF-A3B7-2A14246D55BC
BE7651AF-A501-4F26-A66A-62715C1ED95D,A679EDEB-2DC2-4F33-B305-7DA85397BAD0,2534CBD7-4F2B-4B48-BD85-D72F0931C79F
02813B72-6D0C-4D98-AE6B-181C46121D33,CC0ADBD9-8038-4275-947F-A2BF395E48F1,7CC8C608-716C-4B5C-9F13-263A888DAC0F
840EE382-1886-4172-98A6-76282F8A1929,DF37C4E3-F755-4212-90A6-793E9CEA690B,778C908F-18F2-49E4-B611-19CFB602008B
9BFAA37E-9A07-4261-B20A-E35C9852E553,A679EDEB-2DC2-4F33-B305-7DA85397BAD0,7CC8C608-716C-4B5C-9F13-263A888DAC0F
5F5E8FC8-EE65-48B3-BEEB-8F6D94BBFF39,09B7DD7D-6B18-4D51-BE8A-BDED2940ED89,463E3EBD-9B59-40F1-BC1E-FFF19C54937A
F09CB38D-7E26-4511-B2CB-D439DB5D3E9F,70508BA1-CE0D-4ED6-97DF-BEB8B391FBF9,CBB70A16-C82B-42B2-8620-216E3158C9E8
22E352AD-9E3A-4E18-BD81-ADE23436AFB0,3432290E-5C44-41E2-8D1A-ADB9B7ACA53F,F844BDFA-67C5-4F3C-9AC6-91D0521E87E0
5C61F555-C0E8-4078-A7F8-8518CD24FACC,DA9FD2F4-E2B1-459B-B0EB-DBB60DB9EF07,4F6D3B4F-75A1-4BA3-A2D7-258260531F5D
B6D91446-FA0B-40DC-BF64-770E4BDDB70E,53915A71-A607-42D8-BEC0-5A4B458C772C,4F6D3B4F-75A1-4BA3-A2D7-258260531F5D
64200025-A595-449F-8F45-8F131E66F17B,E34EC569-F89F-46EB-9736-9A56D1FA82BE,821B160A-DEDB-4819-ABDD-75A0F16BB803
6CECD566-8971-46B0-88B2-7A4B35165BEA,78D25A20-23F2-4669-B28F-4B5A1DC89A0F,F844BDFA-67C5-4F3C-9AC6-91D0521E87E0
37373838-4A82-4B70-9A52-CCB1F68E4BAA,1F8B666E-3C41-466D-AACB-C2FFE883AEF3,316A6EFD-F938-46A5-80FE-2B99066C1062
6C82B0DE-09CB-4979-8F75-C37628941EE3,84BA3231-9FC4-4889-B151-93B2A42A835B,284A83E6-568C-4859-9E55-526ABE9D5979
261ED3D6-8966-4AD2-9514-3DDB245945BE,92321684-7992-4BF6-B26C-D7506D8AAE89,DC101218-7A6A-416E-A880-4837DE382B2F
17A4080B-5BA4-4769-938C-B89A3F5B4E11,4618BEEA-B19C-4711-A7E2-908CA9E6EDE7,DC101218-7A6A-416E-A880-4837DE382B2F
707B0665-F540-4F04-A75F-7895E120754C,A537AF38-0843-4254-ACC0-2B0206B1D408,821B160A-DEDB-4819-ABDD-75A0F16BB803
72B3A977-19CA-43C7-99E4-B90FA37F1629,0927255B-10FF-4D39-8FE3-EC2A4322D008,807908F5-67A2-4F59-8D47-ECF512294BAB
320D2C32-C6E8-4565-A8BF-3D811862BA4F,FA73D911-4FFA-4144-B649-70CEB164FD1A,7AB433AC-A76D-4162-BCE7-AD20723AE24C
DCD39686-A7D9-408C-AAE0-322DAF645979,5A1B5B6C-2EE4-4569-BCBE-AA5475BA9F90,D972369C-3F07-40F6-87CA-57A58041C0E4
FA7DB5D4-9CBF-4C42-A105-82B33D40F1E7,2C8D482E-082A-4D9E-9106-A48826D52EA3,3C27C1E1-AF68-4DC7-87E1-06FCE480A4F1
A613E1E7-2CEC-4ACD-B47B-68F35109B84F,A45739FC-D92D-47BB-8E63-B0CE5FF33D55,807908F5-67A2-4F59-8D47-ECF512294BAB
F332B3BF-8779-48C8-8C3A-7690A7C14DCC,02D9AF12-1CE5-46A9-9881-6EEA6D543B02,60ED1926-7400-4A76-A86F-8C3B543C3AE8
B787E9D0-96B3-4B22-A7A3-36964B821E72,2A5F8943-3C80-4D1C-A75B-96D74A6CAB97,821B160A-DEDB-4819-ABDD-75A0F16BB803
FEA42935-5748-417B-A2B2-E0B15A7EA4A6,B592DBEA-C5F5-4945-B015-629F455B356F,463E3EBD-9B59-40F1-BC1E-FFF19C54937A
1E36B7D6-6A1D-4429-A438-381742075AD9,E8A9D39A-1D25-40C9-8390-07491A9B2A45,D972369C-3F07-40F6-87CA-57A58041C0E4
09078045-B7E3-40F5-98CB-2B1AB500CE36,02D9AF12-1CE5-46A9-9881-6EEA6D543B02,4F6D3B4F-75A1-4BA3-A2D7-258260531F5D
A1BF2DEF-C4C3-402F-910B-4982889F4381,5A1B5B6C-2EE4-4569-BCBE-AA5475BA9F90,60E535A0-68AB-42AF-A3B7-2A14246D55BC
ECBD1DEF-A6C8-4043-9FE9-D75A799E460E,A078A796-43F7-460C-A4E8-C39B4325A40D,07388574-824F-43A9-90F5-15D6AD36B694
7AECBCEA-3AA6-4DF1-B894-8267727FA714,153C9991-20D6-40F1-9AE2-38B267FD00AD,CBB70A16-C82B-42B2-8620-216E3158C9E8
1D97CB14-206B-41DE-825D-8B251E5BAE59,153C9991-20D6-40F1-9AE2-38B267FD00AD,07388574-824F-43A9-90F5-15D6AD36B694
D7E96DE3-A11F-40BB-A0A9-12B85B603DE6,408C1843-50B5-4375-BB10-57DCF21FE2C4,53107F3E-4308-489A-B298-80D55583C4CB
A0DED385-C1AF-4104-B6B5-D1D7086FCA66,DF37C4E3-F755-4212-90A6-793E9CEA690B,C3931881-9887-4A77-81D4-16C30571BE18
A3CC492E-EDAC-4485-AAFC-3CF24BA733FB,A078A796-43F7-460C-A4E8-C39B4325A40D,CBB70A16-C82B-42B2-8620-216E3158C9E8
3C68B799-1A90-472D-8C2E-9CC5FE463692,92321684-7992-4BF6-B26C-D7506D8AAE89,53107F3E-4308-489A-B298-80D55583C4CB
10306A7E-72F4-423F-9668-B6FCC013CF3D,521220AF-8874-4A13-AF5C-990BB35A92F4,463E3EBD-9B59-40F1-BC1E-FFF19C54937A
E03CC86A-5D43-4A86-98B2-66BA4BBAD9A3,153C9991-20D6-40F1-9AE2-38B267FD00AD,60E535A0-68AB-42AF-A3B7-2A14246D55BC
4F5F6857-C953-4960-85CB-2F7950E9A7E3,1FED2C10-7627-4AB7-B7C0-A8C2276F06DA,F844BDFA-67C5-4F3C-9AC6-91D0521E87E0
55ACE741-145A-4405-B5BD-DA53C3A90EA2,1FED2C10-7627-4AB7-B7C0-A8C2276F06DA,84B13C76-F342-4DD8-BE47-EC46BCA59099
69D1FE46-032A-4405-A48C-F015CAEC0028,8FFA8FC3-DFB9-4071-A042-76C7F32EAE75,248BD796-A7F1-481F-8F8C-31E5441BBDF1
D760F5A5-3F89-41BA-B875-13AABB29EBB1,7AC383CF-24D3-477E-B40E-8C5B0054F032,284A83E6-568C-4859-9E55-526ABE9D5979
B326CDED-AB2B-4194-AB13-F248693873DC,DF8CF472-2691-4F66-9FD8-F17006041BB8,7CC8C608-716C-4B5C-9F13-263A888DAC0F
DF211C73-DDB4-45DA-ABFE-53771929149E,AB6B964D-02E1-4E4F-A182-5B71B9FAC209,807908F5-67A2-4F59-8D47-ECF512294BAB
4A127E54-E5B7-4AD2-8E79-472CAB209854,FDFC8ECA-A47B-41C4-84D5-DCB612D7FE59,880592A7-AD53-4F66-A176-CEFF504ADDCB
F99479B8-6DE0-4999-A43C-2058E46FE567,BB76F9B2-B0CD-4583-982A-4C9218CDAF45,7CC8C608-716C-4B5C-9F13-263A888DAC0F
E1606715-6921-439F-B537-48A4514A10B6,521220AF-8874-4A13-AF5C-990BB35A92F4,3C27C1E1-AF68-4DC7-87E1-06FCE480A4F1
B0FCBE03-80CA-49F4-9708-BC16262BBE7E,F3DD5A71-B450-420C-A242-A2621E90269A,3C27C1E1-AF68-4DC7-87E1-06FCE480A4F1
A9B25F89-3F7E-4F88-81C5-9631BEEA2A22,176F1D7D-4729-48A9-8246-EAE618449503,53107F3E-4308-489A-B298-80D55583C4CB
3025B3AA-8A83-43E3-830A-88306EAB490F,910C6C9E-A85A-46BA-86B8-C19ACE3620C9,D972369C-3F07-40F6-87CA-57A58041C0E4
3BEF5E59-47AA-4E9D-83B4-F1D58EBC80ED,9963D944-40AF-463E-9B7D-A9D249AC8ADF,CBB70A16-C82B-42B2-8620-216E3158C9E8
3A09CEEF-14F8-47B1-B1BC-147C7B74E6BB,0DE52220-ACA1-46F8-9A77-D52746A4125F,248BD796-A7F1-481F-8F8C-31E5441BBDF1
7451C1C5-DE80-43F5-ADAD-20DCB3052554,0DE52220-ACA1-46F8-9A77-D52746A4125F,577EFE38-A628-4DEC-A195-699D143D48D6
7FC98980-CA8A-450A-9AA7-BB2D86A00639,9963D944-40AF-463E-9B7D-A9D249AC8ADF,07388574-824F-43A9-90F5-15D6AD36B694
2C373FA4-8025-403F-8219-4DB6487A8CAD,858784E6-4F72-4B90-A332-C1EE97AD79C2,67E33E3B-3EA0-4D14-ADB6-7C7297A7176D
8EAE73C2-A9E3-47F7-BA09-C3F95054E56C,1A8E68E7-273C-468A-AC3D-D43C16B22695,07388574-824F-43A9-90F5-15D6AD36B694
8FE86AFF-56F5-48E7-A465-CD58D851E2F3,1A8E68E7-273C-468A-AC3D-D43C16B22695,60E535A0-68AB-42AF-A3B7-2A14246D55BC
7961BD54-E728-44B3-B61F-7925F359B52C,BD3AC52F-4AB0-4BCC-A4D4-4B7BC258A114,07388574-824F-43A9-90F5-15D6AD36B694
A1612908-434A-4E6C-A955-5ECD26FFE5EC,E68588A4-F770-42C2-BCAE-4DC776139ABF,07388574-824F-43A9-90F5-15D6AD36B694
F87AED61-ECCA-4168-BD09-6598C9A22886,381FE227-E769-41D3-B614-AE4785FED074,7CC8C608-716C-4B5C-9F13-263A888DAC0F
0F4B6C5F-CD92-43C9-99F7-2F3C00FA1104,1F8B666E-3C41-466D-AACB-C2FFE883AEF3,880592A7-AD53-4F66-A176-CEFF504ADDCB
0303098A-A6BE-4F87-99F4-B7366FBBBE88,8E2368DB-3B6F-436E-B619-49B946AAF843,3C27C1E1-AF68-4DC7-87E1-06FCE480A4F1
A79AFB1F-FCF9-4F49-A634-71ACE637B40E,D1823A6C-1387-4018-87DD-D209EDFF2BAE,BBB2CD39-21C6-4EC7-BD90-1A60E837A1A2
540F1E3D-6392-47DF-93F5-82AEDC50CCCD,7E277789-CE8E-43C5-BFFB-36FDEE3037D3,1328484A-50E7-430C-8304-25BC14FC8F24
04E90F43-778E-4020-B1F9-0E85E90602A0,C791293E-12BA-40A3-A71E-181741350FB4,284A83E6-568C-4859-9E55-526ABE9D5979
6B3A9461-CF29-4E9D-8D02-43626065B208,1A8E68E7-273C-468A-AC3D-D43C16B22695,CBB70A16-C82B-42B2-8620-216E3158C9E8
BA1E7AA9-18A1-4539-A35D-CFAE5466022A,BD3AC52F-4AB0-4BCC-A4D4-4B7BC258A114,CBB70A16-C82B-42B2-8620-216E3158C9E8
49A63B99-C607-4C55-89A8-240E76BC74BD,732F22CE-6103-41F6-B750-297248EA6407,BBB2CD39-21C6-4EC7-BD90-1A60E837A1A2
233642C1-4C56-4D9E-8ED2-F448C5DE831B,ED54EDA7-4BB9-4198-AB6D-2E49B658E21D,4F6D3B4F-75A1-4BA3-A2D7-258260531F5D
1D0574E8-7E78-4B09-8D55-DD933F959A9B,5E0C48F9-E917-4696-A0B0-563185A25965,1328484A-50E7-430C-8304-25BC14FC8F24
EE50F397-64B5-43B6-854B-9606670E2082,D89D370B-BFAB-4BB5-9E4F-AD9362B28976,67E33E3B-3EA0-4D14-ADB6-7C7297A7176D
42ADE768-9F5D-415D-8AF0-CC36DFB6F161,E68588A4-F770-42C2-BCAE-4DC776139ABF,CBB70A16-C82B-42B2-8620-216E3158C9E8
2FC2D9CE-DD59-48E0-85AB-8AF2F2E3A212,381FE227-E769-41D3-B614-AE4785FED074,914C5A44-46DF-4065-A6BB-1758238E9949
30890A4C-BE98-41FC-91D7-93F3F377B038,ED54EDA7-4BB9-4198-AB6D-2E49B658E21D,60ED1926-7400-4A76-A86F-8C3B543C3AE8
78ADF3B7-5955-4D35-AA3D-465778A82218,868E5DEF-9275-4D2B-A702-27EF4424A97B,821B160A-DEDB-4819-ABDD-75A0F16BB803
F232A439-795F-4414-9293-955216EFD1FA,6F5E3813-A7FC-409B-A807-0333963503D6,B44FF70D-5A3A-4685-BE96-FBEC6BC72174
1A51EF4E-575E-45CF-AEDF-55DB0BF6E797,6C5F2605-41EC-42E9-A920-EB9E12BEE609,3515F29F-F26F-482C-B666-C30A645E7343
EA6388FA-F30B-4B52-B338-DF31A9DEBE08,1F8B666E-3C41-466D-AACB-C2FFE883AEF3,99820B8D-A4BF-4AFE-9E80-12BB0015F15C
D2DD7067-3DAF-487D-9C5E-216FD6AD7DB3,09BEF2FA-3D0B-4D0C-8785-E369210E9295,8B0BDE5C-5A77-4542-9EDF-EA6BB97235AD
3DC5B87C-B258-4E60-88AD-6A3C2D860F35,00D98C7E-34A2-4DD1-96C8-020AB66B904A,99820B8D-A4BF-4AFE-9E80-12BB0015F15C
DBA6B740-ED75-41C4-B13D-E06781411CA5,910C6C9E-A85A-46BA-86B8-C19ACE3620C9,B44FF70D-5A3A-4685-BE96-FBEC6BC72174
797A4A1E-39A2-445E-B2AB-E1B09E865FE2,FB3187D8-FA72-4637-9D44-EF976632BE6E,7AA7F9FC-A0F1-4E0E-ABEB-79F33EFB7FDC
045BBEFF-68EA-406D-A5FF-46019A1B4FE6,ED54EDA7-4BB9-4198-AB6D-2E49B658E21D,F0D477A9-02D3-4754-95E1-F02D9D4CC01B
70A5A24D-0678-49EB-9DAD-939FEE332948,7271F505-A262-4420-87D8-6DD3DFB64F4A,C3931881-9887-4A77-81D4-16C30571BE18
AFF37C15-8625-4FA0-8071-37641D7A74FD,B9BAC66E-D374-42BD-AD2D-E56167B3F330,5DC5AB71-1D4D-48A8-A932-26D126E8EE3F
F42A7160-DDF8-4A7D-B7CD-41950A8DEE8E,BD3AC52F-4AB0-4BCC-A4D4-4B7BC258A114,7AA7F9FC-A0F1-4E0E-ABEB-79F33EFB7FDC
238381EC-6954-400F-9686-EB5047D1B0A6,70F19BF0-51EF-4FD0-AFCD-715EA041B5BC,BBB2CD39-21C6-4EC7-BD90-1A60E837A1A2
6220834E-6B15-4093-B985-6BC92E768F4D,FB3187D8-FA72-4637-9D44-EF976632BE6E,5DC5AB71-1D4D-48A8-A932-26D126E8EE3F
8EBF4E7D-7C37-453B-9F5C-3793BCB70EBB,C8BEA554-29B4-4868-8B12-4CC5C6E53622,85EABD3C-653A-4BD2-BAD6-408E88A1AB65
E56A6C75-FEA7-4BA6-8B0F-7266300AA577,7271F505-A262-4420-87D8-6DD3DFB64F4A,778C908F-18F2-49E4-B611-19CFB602008B
42A295E9-37F2-41AA-A417-F875C91C4789,ED54EDA7-4BB9-4198-AB6D-2E49B658E21D,8B0BDE5C-5A77-4542-9EDF-EA6BB97235AD
8B82AE25-E343-405A-897D-65EE157D8F2D,F409B12D-9BAC-4C3B-B3BD-2AC69CE49932,20D8C575-0CDE-4667-A05E-73B281B442D2
37D92CE4-E189-4F95-A953-938FB9C00EC6,5AD1263F-BF99-4C93-834F-182879BD83EB,914C5A44-46DF-4065-A6BB-1758238E9949
79EA1CB6-6A56-4B52-91A4-1D0168097586,868E5DEF-9275-4D2B-A702-27EF4424A97B,85EABD3C-653A-4BD2-BAD6-408E88A1AB65
B62389FF-AA4D-4E00-A716-B7A1DEB21408,B9BAC66E-D374-42BD-AD2D-E56167B3F330,7AA7F9FC-A0F1-4E0E-ABEB-79F33EFB7FDC
5BD1B032-3BEB-4A5A-964D-59856E812C2B,2F440C35-1427-4FA6-A933-D7184C6E80F7,463E3EBD-9B59-40F1-BC1E-FFF19C54937A
D8A31C0E-BAC5-4E87-B24C-CD602A2F935A,5E7635A6-DABD-4F11-96FB-8882BC016DCF,09A4B908-8E1F-4C67-BE28-756528A5ABF1
8B071C85-A663-4069-9E0F-84F5CF1667AF,2F440C35-1427-4FA6-A933-D7184C6E80F7,4CE9573E-6FE1-4E49-83BC-2207E05ABA99
6D4F11A2-1D9D-408D-8CF6-8C47043549A1,66633F57-90B4-49A4-A9B1-D59E433D4F4E,4CE9573E-6FE1-4E49-83BC-2207E05ABA99
4EC49DAB-71C3-4861-A082-2C437857B0DB,618FBC9C-D3CF-4DC1-8AF0-93DF371CE04F,B44FF70D-5A3A-4685-BE96-FBEC6BC72174
73703CEF-941E-40D4-8F8E-0156DB49F1E2,70F19BF0-51EF-4FD0-AFCD-715EA041B5BC,CDD6B015-F84F-42DC-9C5C-3C14A84E11ED
DF037A36-C402-4E92-9F74-980D1FB1B9B5,D3181571-9839-4E6C-B32E-050B4F3698B9,20D8C575-0CDE-4667-A05E-73B281B442D2
FC3CED5E-23D0-44B6-9EDA-5694BC4C7908,6481E01E-5B86-47ED-8B99-F0BF8E4313A4,09A4B908-8E1F-4C67-BE28-756528A5ABF1
1998828E-5DAC-4F88-8DD8-752805C99917,87A5DF18-BE39-4FDE-A8EB-3D39CD1CE895,3C27C1E1-AF68-4DC7-87E1-06FCE480A4F1
D010443F-8E3D-4B38-A2DE-7E2CCC236D29,2D387F77-A349-4846-A78B-0837BE1BDDE7,84B13C76-F342-4DD8-BE47-EC46BCA59099
45FA2472-EE58-4C49-9CAB-BC9276A7BC25,09BEF2FA-3D0B-4D0C-8785-E369210E9295,F0D477A9-02D3-4754-95E1-F02D9D4CC01B
733F68F4-5080-4409-AF38-EE9965C606A8,37256956-BE47-4B2C-935A-7EE6F05B076A,7AA7F9FC-A0F1-4E0E-ABEB-79F33EFB7FDC
547CE5D6-F9A1-4427-AB85-D73286897DB4,37256956-BE47-4B2C-935A-7EE6F05B076A,5DC5AB71-1D4D-48A8-A932-26D126E8EE3F
648ED38C-7DF3-40FD-B76B-83AB435F6090,EF32434D-AFCB-4367-AA82-13F47F1530FC,09A4B908-8E1F-4C67-BE28-756528A5ABF1
40CF8334-6DED-4AAC-AE8E-E9EAB0A124A8,82E315E1-FCEA-40D0-B6A8-95A9DC6681B2,914C5A44-46DF-4065-A6BB-1758238E9949
38B1BA04-4CAA-42B7-B727-FBA493D8175D,78E5D7D1-AACE-46A4-A336-5C4E33F70497,09A4B908-8E1F-4C67-BE28-756528A5ABF1
EB62CDE4-9864-4C72-80E0-2D8CA564DE2B,5D0F149E-3EAC-4572-A35D-C88035BB3DEE,B1C33FEE-4BD0-4F27-B46E-38FE0CC9252F
CD1AB3A4-A344-444C-BE43-DA0A92A9310B,C8BEA554-29B4-4868-8B12-4CC5C6E53622,415FB915-E89D-4FDB-9403-44D747D7FA0E
B69379E6-CBA9-484D-993A-9FCF3C4CE735,5D0F149E-3EAC-4572-A35D-C88035BB3DEE,5661FD49-F7BE-4041-B3AD-0C621B503E7E
CF3BE935-2F99-4013-84F2-6BDE15F99664,6F33D011-F4C6-4749-866C-CF96703A5AB7,415FB915-E89D-4FDB-9403-44D747D7FA0E
8D837BF8-072B-4DA9-8695-C2E284808194,59F199F1-3ECD-417A-977B-5769A922FC9F,09A4B908-8E1F-4C67-BE28-756528A5ABF1
D332EDB3-F1C8-4852-B1B2-69C22E984F19,E2B7FD28-5FB0-4D8D-B584-CE86376D9428,CDD6B015-F84F-42DC-9C5C-3C14A84E11ED
9048C590-F508-4E22-8A03-92E7B9F614CD,44B84332-81C6-427F-A99C-A117C8E5CBEF,B44FF70D-5A3A-4685-BE96-FBEC6BC72174
79AF1616-F850-4227-ADA0-A7FCD74BB27E,8F72ABAB-EB87-49DC-8A7C-5BC245A54F83,F0D477A9-02D3-4754-95E1-F02D9D4CC01B
E76BCBED-0CD1-4F70-9CD0-12E7CD543B50,8F72ABAB-EB87-49DC-8A7C-5BC245A54F83,8B0BDE5C-5A77-4542-9EDF-EA6BB97235AD
2F69ACDB-FA2A-4CFA-8A98-12317691C8CE,CF8EA3EB-F6B7-4683-BBE5-F4A58F1AFC8A,ED3747BF-65DC-4501-B789-6FC8A2C0ADDA
176DB23E-9591-4632-9B01-C5346BC82050,E9585EB3-FCDA-4625-8F1C-664AF6C4603F,5DC5AB71-1D4D-48A8-A932-26D126E8EE3F
04EAEE03-79B4-46B2-8413-973ED7522F54,F81B9798-98F7-4634-9422-D462490E6F9E,3C27C1E1-AF68-4DC7-87E1-06FCE480A4F1
737F0D4B-A590-4541-9348-94E2732C24D9,951F8941-2C85-4D6B-A547-90F5AC08A6C6,5DC5AB71-1D4D-48A8-A932-26D126E8EE3F
2C52E81F-880B-45A9-BF2D-6F4A9C0FDE76,62604C5C-F305-4D29-B402-FECBA7C8C8AA,84B13C76-F342-4DD8-BE47-EC46BCA59099
00CDC8E6-FC5D-4104-BABF-90A2585D094F,9A9B56DE-61FE-4C93-8222-FA1FEB9DC2D6,09A4B908-8E1F-4C67-BE28-756528A5ABF1
9F8AA484-0A89-4CFF-BBFC-8AAE461710BB,CF0F496F-4BF2-4122-9123-E14C85B5036C,B44FF70D-5A3A-4685-BE96-FBEC6BC72174
91CFA1A8-53FD-41A6-BA70-26A821D94FD3,6F33D011-F4C6-4749-866C-CF96703A5AB7,291937C7-28A7-4F83-A86F-5CAA70E96FCB
1A6DFA39-3252-438D-B3A2-9D500852B412,8F72ABAB-EB87-49DC-8A7C-5BC245A54F83,52485A81-6699-4D4F-9B03-6F9E7206D39C
64B3650F-DC1A-46CC-AFD6-36AF1034A172,CD4F6F57-117B-4024-ABE2-806D5D89C884,99820B8D-A4BF-4AFE-9E80-12BB0015F15C
3AA7C4A4-2562-4704-8E61-FB8093AFFC6C,D3181571-9839-4E6C-B32E-050B4F3698B9,E5279A49-1359-4DE3-A79D-9545A295B56C
FCCEF3FD-C935-4E4B-86AF-25EACD75E000,CF8EA3EB-F6B7-4683-BBE5-F4A58F1AFC8A,914C5A44-46DF-4065-A6BB-1758238E9949
E2D6E3A0-8F2B-4920-A5FF-A8B1EDBD246E,554245CF-897B-4154-982C-E4621D05F3AA,3515F29F-F26F-482C-B666-C30A645E7343
9A5B5500-41E7-4261-A7C0-9AA246F83764,E9585EB3-FCDA-4625-8F1C-664AF6C4603F,7AA7F9FC-A0F1-4E0E-ABEB-79F33EFB7FDC
969C0AB6-8F4E-43D9-BADE-F87C2D8C59C8,47964709-5321-4FA8-AEC4-11832497D27F,52485A81-6699-4D4F-9B03-6F9E7206D39C
B34815D7-6F1B-4B9C-89B8-C163CD0E4CE3,951F8941-2C85-4D6B-A547-90F5AC08A6C6,7AA7F9FC-A0F1-4E0E-ABEB-79F33EFB7FDC
1C03576F-7B48-4B13-9012-A9334BFFFC2B,9A9B56DE-61FE-4C93-8222-FA1FEB9DC2D6,F5C10BC2-1E11-446F-9137-4A78F3662889
319DEB00-985A-4B2E-A5FC-EB2D359D3EAC,CF0F496F-4BF2-4122-9123-E14C85B5036C,1BB0DB33-5335-4095-927A-EB72209C0DFB
BDFD8390-7903-4060-9A68-5C9426DFB770,E8A9D39A-1D25-40C9-8390-07491A9B2A45,0982E740-8C1E-4F0E-9FC7-E9A41FA93655
66CD7212-C8BD-4627-B7C2-51C260CE6F68,CD4F6F57-117B-4024-ABE2-806D5D89C884,102E61E0-C10D-49BA-9644-22758FF2E706
C40114FE-F0AE-41FF-AE24-8B33620C1B29,169307BD-62CC-4463-BAAE-2A9D1374A942,84B13C76-F342-4DD8-BE47-EC46BCA59099
C1785399-54CE-4567-88D3-3162F2991732,212761B1-74FF-46E8-9768-F6EEBA4AB77D,E5279A49-1359-4DE3-A79D-9545A295B56C
35FE5E9C-74F4-4356-8FA7-CC1011D99906,BCE6A54B-F24A-4DEF-8085-48D4ADFFEAAA,ED3747BF-65DC-4501-B789-6FC8A2C0ADDA
941A1CED-095E-4E3A-866C-4364ACEE733D,F3E25362-C31A-4116-9332-2133E0232B07,5DC5AB71-1D4D-48A8-A932-26D126E8EE3F
C24193F2-8EE3-4C19-B7A8-A8BB17620B2F,E93072ED-07B4-40CB-A22E-8689663CB0FB,5DC5AB71-1D4D-48A8-A932-26D126E8EE3F
377627A2-0488-47E5-86C5-11527925C425,F5727FCD-8537-4F3E-881C-A44466A292DF,3C27C1E1-AF68-4DC7-87E1-06FCE480A4F1
8166C005-B57B-4FA9-AFB6-3A2F31E08901,F0DEAD00-9583-4D94-91DD-CFEF2766D16F,5661FD49-F7BE-4041-B3AD-0C621B503E7E
76DB8590-9E6C-47A9-B315-3FFAE714A4FF,169307BD-62CC-4463-BAAE-2A9D1374A942,7EE955B1-E87B-41A2-8653-4AEBF683AA85
90B2FB13-3889-4405-BD1D-26DEEE360297,37179338-6019-49AD-B0B7-795CD650EC6E,4CE9573E-6FE1-4E49-83BC-2207E05ABA99
913582E2-2A71-4ABA-8529-4D7EAF91C61A,F3E25362-C31A-4116-9332-2133E0232B07,7AA7F9FC-A0F1-4E0E-ABEB-79F33EFB7FDC
C0F56608-4DEE-481E-938F-8C3A8770C0E6,98372F4B-3168-4A6A-B413-9170D1465555,3515F29F-F26F-482C-B666-C30A645E7343
78299988-BA51-4BDF-9DB1-92E2E0C56D18,499D659A-7ACA-451A-AC1B-82248237830A,E086BB5B-1608-46B2-86A1-8A7ADA1AD99D
8C59E839-D15D-404E-8543-C3AB05F5CED7,47964709-5321-4FA8-AEC4-11832497D27F,8B0BDE5C-5A77-4542-9EDF-EA6BB97235AD
4E8BDC8D-AB09-4EBB-8FCC-9989E306B627,E93072ED-07B4-40CB-A22E-8689663CB0FB,7AA7F9FC-A0F1-4E0E-ABEB-79F33EFB7FDC
CD497124-0FE5-4BBC-83D5-C8B61C2809B3,F5727FCD-8537-4F3E-881C-A44466A292DF,1328484A-50E7-430C-8304-25BC14FC8F24
763A5FA0-B900-499F-B63D-C4CD966A0F60,CBFBF369-53E7-409C-9258-7056F7478A2B,E086BB5B-1608-46B2-86A1-8A7ADA1AD99D
7623E172-4264-4364-96E4-73CB2903AAE4,C791293E-12BA-40A3-A71E-181741350FB4,ED3747BF-65DC-4501-B789-6FC8A2C0ADDA
C610D95F-56E1-4EFA-8808-4BE0F7EFACF2,18E7837C-C55A-460A-85CE-EC6F450E1C25,7EE955B1-E87B-41A2-8653-4AEBF683AA85
DD571630-CCC0-4E0B-88D1-E37641D8A948,F0DEAD00-9583-4D94-91DD-CFEF2766D16F,B1C33FEE-4BD0-4F27-B46E-38FE0CC9252F
4320A9B4-3511-45E2-B8B3-35A5D65E56DC,F81B9798-98F7-4634-9422-D462490E6F9E,1328484A-50E7-430C-8304-25BC14FC8F24
72B54379-D575-4640-AFA7-92F0C7E0D16A,6999035F-3489-4394-BD18-7C096CCEC070,F5C10BC2-1E11-446F-9137-4A78F3662889
55C01F4E-01AD-49B2-8C6E-3AC734CF0DF1,212761B1-74FF-46E8-9768-F6EEBA4AB77D,B75B0997-9DFA-42F4-9E17-13DE0A71D0E7
A53A9508-F4BE-45FD-A043-D21A5A6B0D58,47964709-5321-4FA8-AEC4-11832497D27F,3C27C1E1-AF68-4DC7-87E1-06FCE480A4F1
A9D98DE3-D8C7-4319-B332-61E49F522D6D,46FC9C13-A46A-4927-B920-490DD516DB7F,1BB0DB33-5335-4095-927A-EB72209C0DFB
0A3AF909-C038-4D97-895B-C403DB1A7CDC,98372F4B-3168-4A6A-B413-9170D1465555,5871AE3A-7328-498D-A030-67338F511117
EC61E609-948B-408E-ADCC-61FE6C97A666,6F33D011-F4C6-4749-866C-CF96703A5AB7,77A6D08C-617A-494C-AFDE-F931AF89A2AF
F8C7C34C-3B36-42B5-BA7B-678A67CDF0E6,46FC9C13-A46A-4927-B920-490DD516DB7F,60E535A0-68AB-42AF-A3B7-2A14246D55BC
79C8E786-14ED-43A1-84C3-E5A662501A53,6F33D011-F4C6-4749-866C-CF96703A5AB7,482E3547-0139-4B56-BB5E-8557F2066036
BE19945C-C7D1-4A5E-8608-38564CF900E7,421686FD-6A8F-472A-8B47-3947F3E630B9,0982E740-8C1E-4F0E-9FC7-E9A41FA93655
C5C8D40C-76EA-4A4B-B74D-2827ED61812B,C7EA400F-B064-4A78-B40A-A884E82540ED,ED3747BF-65DC-4501-B789-6FC8A2C0ADDA
A1101395-28EE-4DE9-B2B7-8D867DDDA37F,11B2CAC3-7FE2-4200-A1B2-29574B5CB8EE,0A512D49-73BA-4DAB-B532-C990A175793E
1E75DB11-D27D-4880-8909-707349301D7F,31378AAB-D397-47E7-B81B-6BC133B721D2,24486431-253D-4BD1-9401-A4A535E1319D
E9B64DB7-12B7-4C0F-A946-C6D16956B374,7C40E693-2F30-45E4-8C6C-406972C995E1,7AA7F9FC-A0F1-4E0E-ABEB-79F33EFB7FDC
794ED14D-D256-4BE3-98C5-ACB3C1110DCE,7C40E693-2F30-45E4-8C6C-406972C995E1,5DC5AB71-1D4D-48A8-A932-26D126E8EE3F
34414441-E3BB-4612-A17E-EEFD5AB24559,1534FDAD-1C17-450C-8882-C5F03BF31E2B,5871AE3A-7328-498D-A030-67338F511117
15226FBE-2A18-42FE-BFF3-1F1856ED13A8,68E22E4D-34D4-4999-893A-F27FD7105231,BA6CAD63-86E8-4215-B513-F4FB23FC4D76
2664851F-9206-415C-8C01-6C8D9114813C,3DE63D3E-389A-416C-8F9F-81219568ABB6,009A2D74-03C2-4F29-ADA1-1FD06A32C9BB
9C8FD8DF-2A7A-45B0-8843-631B02A90795,A5983E2B-1169-44E3-B22A-03851A686ECB,24486431-253D-4BD1-9401-A4A535E1319D
8B851072-2BAE-42BD-9E6E-8985004FC01B,B9EAE5EF-109B-4776-A240-6B2740F36BB3,7FA737D2-98F2-4246-904F-46D6B4595A1B
3A5FC682-171F-489B-8B13-5D07EB59037F,65C34A57-B8AF-4C7C-8C3E-FDEA13F62F7B,BA6CAD63-86E8-4215-B513-F4FB23FC4D76
EE6C1CD3-2D79-4248-A102-D7B6B3F82F99,6E3214FD-B565-49F2-BB3F-66DBC3BFF8AE,B3867ECD-B328-4867-933B-DA0A5E5A248B
7FEE39D0-159A-49AA-A16E-96624EF5F760,1409BAD0-E022-4284-99AD-D135E29546C9,BA6CAD63-86E8-4215-B513-F4FB23FC4D76
A2D92701-20A4-4ADA-B3EA-15781B885AC9,31378AAB-D397-47E7-B81B-6BC133B721D2,8B0BDE5C-5A77-4542-9EDF-EA6BB97235AD
DD9136F2-EB41-4D0E-9BC5-8EBD67BFDED6,6F33D011-F4C6-4749-866C-CF96703A5AB7,E8A19C63-79EF-44DE-B841-BB53000C2051
048040E1-5BD4-40D7-A284-AC52C067C6CA,084E2F4F-B859-4265-8A0B-3AB73935ABBE,1BB0DB33-5335-4095-927A-EB72209C0DFB
1E7E9E10-2593-46A0-B350-CA37EBB1FA01,73F8654A-7945-496B-A157-A6391E8A9FAF,0982E740-8C1E-4F0E-9FC7-E9A41FA93655
D2653F94-91E4-45E4-98E4-5626E6F19AAE,707CEC2B-A3B1-4B31-8695-0547E4372752,7AA7F9FC-A0F1-4E0E-ABEB-79F33EFB7FDC
61DB428F-DD0F-431D-B9FE-25D591529F83,491C648F-47B6-4893-B676-7B47BD6A7858,53107F3E-4308-489A-B298-80D55583C4CB
07034EA6-E6BF-47F9-B90C-3AB0E586E79C,633F9A09-11AD-4FFE-9FCC-238B783E4414,1BB0DB33-5335-4095-927A-EB72209C0DFB
F4447629-AA25-4639-9A06-D541EF0B9E91,99658080-F257-4B06-8375-8BD11BA3B279,7FA737D2-98F2-4246-904F-46D6B4595A1B
AE54491B-82B0-492C-93B7-248C0A4096A6,59F199F1-3ECD-417A-977B-5769A922FC9F,C9B963AD-16DB-4B03-BA10-020E9D87D31F
BDCB6D75-32DB-4C0C-B7BF-1589BD1B59CE,5ABE1578-4C53-485F-BDD5-1655C978BF02,5661FD49-F7BE-4041-B3AD-0C621B503E7E
969EA5A8-BE7A-44A3-A271-6D0FDC9B1F8A,D89D370B-BFAB-4BB5-9E4F-AD9362B28976,BA68CA6D-89B5-47C5-AB02-13DFCCFA62A7
3433FC86-C404-4573-B227-96B904FB55CB,212761B1-74FF-46E8-9768-F6EEBA4AB77D,7FA737D2-98F2-4246-904F-46D6B4595A1B
7C052286-4D64-40B9-8E23-1BC66850E036,BB76F9B2-B0CD-4583-982A-4C9218CDAF45,4CE9573E-6FE1-4E49-83BC-2207E05ABA99
CDAE826E-6690-428D-A905-ED65465AC681,9710288B-83A5-4700-8CFB-9116F5F36638,7EE955B1-E87B-41A2-8653-4AEBF683AA85
021493C5-4D7D-448B-865B-AEF405DF8E3D,7C40E693-2F30-45E4-8C6C-406972C995E1,A83BE29F-3278-48BC-AB48-2FFB06EC94D9
2CA7FFB4-259C-4DA7-8C75-DB10F1285E84,A5983E2B-1169-44E3-B22A-03851A686ECB,702FCBAB-9BBB-4838-9667-B187E81CC3E9
15EF777B-4DFE-4465-89A5-C755F4EC963F,31378AAB-D397-47E7-B81B-6BC133B721D2,702FCBAB-9BBB-4838-9667-B187E81CC3E9
3495907F-85E2-493E-8B18-F2CDD57DBD5A,5039F5E3-5FBF-49F3-9BB9-1A85AE6EF1E7,24486431-253D-4BD1-9401-A4A535E1319D
CCC946A4-A216-43F0-9208-B852BE09C152,9C1BE855-EF3A-4A3C-B489-0288DA864E82,B3867ECD-B328-4867-933B-DA0A5E5A248B
58CC9EB3-0612-40F4-B9E2-8F383E471535,554245CF-897B-4154-982C-E4621D05F3AA,009A2D74-03C2-4F29-ADA1-1FD06A32C9BB
37A6F1A7-C9C7-46A2-BD0E-B0FE1DDB55AD,7D3FD5EE-2B96-4CE3-A641-653DBA28FF53,3C27C1E1-AF68-4DC7-87E1-06FCE480A4F1
97B32BEA-FDB8-4A7A-9D75-BC332F231F14,CE9BFF64-DE9A-4B4A-AA87-A672962A21B9,53107F3E-4308-489A-B298-80D55583C4CB
AE750447-9898-4ECC-8C18-61B04FA26EE2,0C8EBEB7-7C71-45CB-95B6-EF03A8756E77,1C96E18A-82CB-4D18-9AD0-F30AD5E39AE4
F22060B7-0769-4218-9170-9E4E530F14C1,FDFC8ECA-A47B-41C4-84D5-DCB612D7FE59,0A512D49-73BA-4DAB-B532-C990A175793E
34762373-D92E-4714-896F-CBCB19B5C944,EC6F5462-E829-4522-99E2-4B963D954548,1C96E18A-82CB-4D18-9AD0-F30AD5E39AE4
DC809DE4-5449-4A16-AA84-818CE5045316,5039F5E3-5FBF-49F3-9BB9-1A85AE6EF1E7,0982E740-8C1E-4F0E-9FC7-E9A41FA93655
9ACEEC8D-3679-429C-9451-4BF350604066,A3438D8E-2726-4825-B42F-A25F4D6BD3F4,C9B963AD-16DB-4B03-BA10-020E9D87D31F
0C8C65D1-408E-4A7A-A649-A1546427E46E,3DE63D3E-389A-416C-8F9F-81219568ABB6,5871AE3A-7328-498D-A030-67338F511117
FF751FBA-82BB-431B-B194-AC3851EC3FE9,707CEC2B-A3B1-4B31-8695-0547E4372752,5DC5AB71-1D4D-48A8-A932-26D126E8EE3F
808CCE49-5AB0-43B1-803A-FD3C7F73108A,59F199F1-3ECD-417A-977B-5769A922FC9F,BA68CA6D-89B5-47C5-AB02-13DFCCFA62A7
E915C765-D74D-4338-808D-149FD92C28DE,11B2CAC3-7FE2-4200-A1B2-29574B5CB8EE,5D1D33D1-DDDA-47C8-9FA2-B7D496D9043B
0929D90D-DB05-44FB-84EA-26001B68EB6C,5ABE1578-4C53-485F-BDD5-1655C978BF02,B1C33FEE-4BD0-4F27-B46E-38FE0CC9252F
B247CD71-1AC4-4F2F-8DB3-DC2EE1A61D8C,D89D370B-BFAB-4BB5-9E4F-AD9362B28976,C9B963AD-16DB-4B03-BA10-020E9D87D31F
F1F47E56-12D2-4BB5-AB81-07ABB3C76A58,0C8EBEB7-7C71-45CB-95B6-EF03A8756E77,698ECD5D-26E5-4F95-A1EC-2632A959FE45
D4355674-7218-4F0E-9C9B-366CAA205D09,7271F505-A262-4420-87D8-6DD3DFB64F4A,B1C33FEE-4BD0-4F27-B46E-38FE0CC9252F
5CB5173B-0415-48EA-BE49-2E3A7835C54F,A3438D8E-2726-4825-B42F-A25F4D6BD3F4,BA68CA6D-89B5-47C5-AB02-13DFCCFA62A7
FBD9CFC7-9B46-4156-B783-1DADDC06629B,31378AAB-D397-47E7-B81B-6BC133B721D2,52485A81-6699-4D4F-9B03-6F9E7206D39C
18C26BC2-2700-43EE-8408-DE208A437C30,7D3FD5EE-2B96-4CE3-A641-653DBA28FF53,850202B5-4A09-4ADD-B19A-971AE893CA86
D7E7E99C-3B01-49D0-BA65-1FF0E194E920,11B2CAC3-7FE2-4200-A1B2-29574B5CB8EE,9D99996C-7B13-4B34-8FCB-29339F018231
0CEDEEF8-3A59-44F8-BFD1-C9C258A6B8D8,0C8EBEB7-7C71-45CB-95B6-EF03A8756E77,A83BE29F-3278-48BC-AB48-2FFB06EC94D9
E83377C4-B8B2-4B6E-ACED-5DC835B02225,42A42E63-9A07-46E9-B505-BDB7F16FEA4B,1C96E18A-82CB-4D18-9AD0-F30AD5E39AE4
78E41781-8B7D-4CAB-AC9D-5F12E672AA9B,FDFC8ECA-A47B-41C4-84D5-DCB612D7FE59,102E61E0-C10D-49BA-9644-22758FF2E706
77346B60-66B8-4020-B198-2ADF71CEB27D,F5727FCD-8537-4F3E-881C-A44466A292DF,850202B5-4A09-4ADD-B19A-971AE893CA86
1B0EEDA1-0BCF-4DBD-9739-C38038FB1C42,022DBA41-1FD2-4D25-BBED-EE7250300581,7EE955B1-E87B-41A2-8653-4AEBF683AA85
6A999F15-B148-4460-AFF5-6C2D757A622C,554245CF-897B-4154-982C-E4621D05F3AA,5871AE3A-7328-498D-A030-67338F511117
F379587F-0F9C-4743-9672-04363DC6094B,1A74A788-3D87-4E76-B088-F29FE0672EF9,77DB9112-040F-4D63-B6A2-6CF92EFC22E6
0C25803B-A4DA-40AE-A0D2-4ACD20F88F28,8FB06497-B17F-478B-9DBA-DB0F70D0657F,B44FF70D-5A3A-4685-BE96-FBEC6BC72174
8CBBC81E-803B-49DB-B2D0-0B9B832D5C9C,42A42E63-9A07-46E9-B505-BDB7F16FEA4B,A83BE29F-3278-48BC-AB48-2FFB06EC94D9
B3315800-DEF6-4311-BDA7-A4DB1ACC127A,11B2CAC3-7FE2-4200-A1B2-29574B5CB8EE,549B9F6B-B2E8-4EC2-B14A-897C7ADCB280
28D9C923-B9D2-4E83-A12D-5FC80886D758,A5983E2B-1169-44E3-B22A-03851A686ECB,B44FF70D-5A3A-4685-BE96-FBEC6BC72174
3E87FF07-02EE-4735-8F41-E6116242309B,A3438D8E-2726-4825-B42F-A25F4D6BD3F4,1393EA96-CA2C-4704-A51C-59F50F701BB9
73950F52-63E1-4503-A020-5C00225C05EF,4F605C56-540F-485B-B397-30E850B124C3,102E61E0-C10D-49BA-9644-22758FF2E706
E542E059-B42E-4B68-A7BF-933BF5EDB984,FA20BBE7-D8A2-493F-893B-85578CE571C1,E086BB5B-1608-46B2-86A1-8A7ADA1AD99D
B07F097E-8FDC-4CFC-98F3-07FEB7B0DD91,A5983E2B-1169-44E3-B22A-03851A686ECB,1BB0DB33-5335-4095-927A-EB72209C0DFB
99EBAB8F-FB87-4BE8-990E-252F2626B1FB,8B1F20F2-3B9B-4763-BBEB-6769A85ED9F7,850202B5-4A09-4ADD-B19A-971AE893CA86
8892A77B-1287-4B64-8E17-1DE3747B2BE4,BB76F9B2-B0CD-4583-982A-4C9218CDAF45,77DB9112-040F-4D63-B6A2-6CF92EFC22E6
E6C5F96C-00A9-4B00-B7D6-117BF7EBB33E,BD4CBEED-BC45-47B8-A62A-83B89E50E04B,1393EA96-CA2C-4704-A51C-59F50F701BB9
0BE5519B-2DB0-4615-8780-FE97C7674222,8FB06497-B17F-478B-9DBA-DB0F70D0657F,702FCBAB-9BBB-4838-9667-B187E81CC3E9
CB91163E-F60C-43C1-9FD1-4E1DC95BBE22,2FF9F932-6CEC-4E95-860D-02CDDF85204F,698ECD5D-26E5-4F95-A1EC-2632A959FE45
DD01F22A-ECA5-4B0D-9045-368E492DA6C1,42D34DE7-8F80-4D91-BCBB-BF3F87D8B6AC,7EE955B1-E87B-41A2-8653-4AEBF683AA85
5A85EA01-4DC3-49EB-9CE1-77CB07F9DBFD,5B34FEF0-B6DB-4921-86D8-F656E95762A0,A83BE29F-3278-48BC-AB48-2FFB06EC94D9
C6C73B7D-2F43-46A6-A3C1-12CDC1DEF252,AE4676E6-611D-40B9-9C53-CB1F9FE69EBC,F43041E7-FADE-48A0-BF44-4810E6DA9F23
BEE244BE-2A76-4C82-88CC-0D5DF4B88973,DE14C0E0-9281-4BE7-BC79-722B0F4BFE20,BA6CAD63-86E8-4215-B513-F4FB23FC4D76
5E4E5089-A3D6-4853-B72D-025BB49252CE,42D34DE7-8F80-4D91-BCBB-BF3F87D8B6AC,CEEDEE6A-8397-46FC-BCDD-4867A4EBB304
A07B5268-AC47-4710-9179-C7DF83AFDE6C,A19726B5-D2AE-4B88-8ECF-B99C2C65FDDA,53107F3E-4308-489A-B298-80D55583C4CB
07398A32-2605-43D3-A2D6-FB9242460C3B,747A9884-A795-427C-A33D-0B99AD0FACC1,1393EA96-CA2C-4704-A51C-59F50F701BB9
BDB0F8B8-FBA7-4806-AEA7-9770D66E6553,5B34FEF0-B6DB-4921-86D8-F656E95762A0,1C96E18A-82CB-4D18-9AD0-F30AD5E39AE4
83686E82-DDE1-4696-A74F-3AAA5D3ABE05,A66AF8EE-9A1E-4786-ABDD-99916DAD587B,A1907029-E2CC-48E8-B29A-BCFC13394D4F
F94D6967-1950-4EE4-B4E9-8517706B4D9D,AE4676E6-611D-40B9-9C53-CB1F9FE69EBC,549B9F6B-B2E8-4EC2-B14A-897C7ADCB280
9AAB9A50-D055-4DCE-AF99-2D21D2D25382,14DF6FF3-56FD-4DC8-8F84-6E1606F11C45,702FCBAB-9BBB-4838-9667-B187E81CC3E9
F921D0B7-64AD-461A-8FDA-8B98D046C942,02331024-B202-4412-8481-A0519E9CFE8E,CA589255-21D9-41A2-B6EB-B3A6B502F4CF
647B3CC1-642D-4E5B-BB1C-4E7731B972BD,DE14C0E0-9281-4BE7-BC79-722B0F4BFE20,009A2D74-03C2-4F29-ADA1-1FD06A32C9BB
A34CA22F-0D2B-4564-B701-6BF5F54F82ED,FA20BBE7-D8A2-493F-893B-85578CE571C1,A1907029-E2CC-48E8-B29A-BCFC13394D4F
D20C0725-D900-48B5-8455-1024EFF1B2DE,14DF6FF3-56FD-4DC8-8F84-6E1606F11C45,24486431-253D-4BD1-9401-A4A535E1319D
CE661A0C-AAE9-4C47-A500-4AAD434B997C,DE14C0E0-9281-4BE7-BC79-722B0F4BFE20,A1907029-E2CC-48E8-B29A-BCFC13394D4F
C7AE5B4E-63E3-41B2-A154-A0581C5005B9,5ABE1578-4C53-485F-BDD5-1655C978BF02,A94540EC-D15B-4F52-A7FB-256620A9B1CE
380DFF1F-E8C8-4A18-BAC1-55B995FA0C7D,62F1CC0B-3991-4721-AA5C-2E1B405A5F57,B3867ECD-B328-4867-933B-DA0A5E5A248B
4202023E-2DE8-4734-848F-27C26B96B13D,8FB06497-B17F-478B-9DBA-DB0F70D0657F,24486431-253D-4BD1-9401-A4A535E1319D
8648F57B-E45C-435E-872D-2A55E1CC22B0,A015FACA-E430-4482-92B3-AA52FDEF0EA4,B3867ECD-B328-4867-933B-DA0A5E5A248B
AE92D5F2-45E7-4DC9-8F2F-EAB87D12A569,82E315E1-FCEA-40D0-B6A8-95A9DC6681B2,850202B5-4A09-4ADD-B19A-971AE893CA86
16216552-6314-4E9B-8C50-43CBE9AEE91D,8B1F20F2-3B9B-4763-BBEB-6769A85ED9F7,CEEDEE6A-8397-46FC-BCDD-4867A4EBB304
2A85E087-3821-41D7-BA3F-F3A0C7A1AC30,62F1CC0B-3991-4721-AA5C-2E1B405A5F57,833F6456-5B2C-4BA3-8DAB-2BEA1EB57579
04953CA0-EB39-4864-891C-838DBBA7B4D4,F6D6D952-4DE4-434D-B20D-DF2D49B7D4B8,850202B5-4A09-4ADD-B19A-971AE893CA86
32AEAF99-4F5C-42D1-AFE1-5FB59352249A,FD60C904-897B-4B30-94D2-7D6FA5EF24A0,A94540EC-D15B-4F52-A7FB-256620A9B1CE
D20D7F10-24D7-488E-912C-7BEAC513A279,A9D09B90-748A-4090-92ED-2CC5416314F4,1083FBED-936D-4509-9FA2-22CF8105F6C0
7D286301-3577-4C21-A365-C4A8A77C770A,3DCB52F4-C244-4C42-9E8F-4E3B6D92FC20,CEEDEE6A-8397-46FC-BCDD-4867A4EBB304
4D126DD6-A38B-4E8A-8271-9DF7218B1D1F,A9D09B90-748A-4090-92ED-2CC5416314F4,F43041E7-FADE-48A0-BF44-4810E6DA9F23
E3466DED-00C3-4FEC-B541-227AAD5D149E,B9955DE1-719B-494C-90EC-4425F6E53BA9,B3867ECD-B328-4867-933B-DA0A5E5A248B
01408D4C-3D0D-4B49-A329-FF7031FDE75C,A66AF8EE-9A1E-4786-ABDD-99916DAD587B,8021228A-137D-4E66-897F-3E1CD15ED193
26FD2A3F-690F-4EF9-A7E8-1D84CD198F59,22A1F031-A2BB-453F-9022-33D8AF66DA4D,77DB9112-040F-4D63-B6A2-6CF92EFC22E6
F6C15579-E409-4924-A8FD-8AA7775D252A,F81B9798-98F7-4634-9422-D462490E6F9E,CEEDEE6A-8397-46FC-BCDD-4867A4EBB304
0F27E9D5-1B49-43AF-966E-14C184CA478D,39C7AB13-5736-4317-BD6D-1902D2903E79,CA589255-21D9-41A2-B6EB-B3A6B502F4CF
A9E37D14-6C81-48E0-BDE6-9565CBC665FC,8805EB29-ECC3-4D09-81AE-572ECBA6E099,CA589255-21D9-41A2-B6EB-B3A6B502F4CF
04BDD5B5-D6FD-4352-863B-FC6A630E3B33,22A1F031-A2BB-453F-9022-33D8AF66DA4D,850202B5-4A09-4ADD-B19A-971AE893CA86
29246DAC-30BD-4ECD-997D-284D089E13AC,8BBA4A3A-CDE9-4863-9955-A0E238B9BA77,B1C33FEE-4BD0-4F27-B46E-38FE0CC9252F
3D80146F-A836-4BFE-95C8-3B74CDFB9D3E,C7EA400F-B064-4A78-B40A-A884E82540ED,1328484A-50E7-430C-8304-25BC14FC8F24
93894480-CEFF-4F11-B8DE-7985CC6F7157,C7EA400F-B064-4A78-B40A-A884E82540ED,CA589255-21D9-41A2-B6EB-B3A6B502F4CF
E8F98E46-B366-4EA5-B6DB-487729603315,E1A6B874-24E0-4D04-835D-3AEC07AA4ECC,833F6456-5B2C-4BA3-8DAB-2BEA1EB57579
EB6C8893-912D-482E-A654-9F46870A5A53,8BBA4A3A-CDE9-4863-9955-A0E238B9BA77,8021228A-137D-4E66-897F-3E1CD15ED193
47FB48F0-9E9B-4CAD-8000-5B2D6F76D813,5AD1263F-BF99-4C93-834F-182879BD83EB,850202B5-4A09-4ADD-B19A-971AE893CA86
04138ECC-FF81-4092-A054-638F7C6D1BAF,75032164-6A44-409C-8259-8A39366917DC,6BDAC70B-7B08-437F-9911-73C1E1D5C6D0
8C39AB81-E608-4E9D-BEE0-F5DD303DF824,5AD1263F-BF99-4C93-834F-182879BD83EB,5989BAA3-B685-4385-A591-7A0E7343EB3C
DC44E6C6-1B4B-4AF4-A06B-CDBDC0BAED35,F81B9798-98F7-4634-9422-D462490E6F9E,6BDAC70B-7B08-437F-9911-73C1E1D5C6D0
2BE6BDDD-2B36-4047-B087-3172866EDB80,12A107C2-13AD-4558-AB8E-D74152E567F7,EE9CC013-E44C-4309-BC72-258A43D0949F
5530F71D-1651-400B-84EC-2268B14CF8C1,CE7F85C6-6E68-4DAF-80D6-D470EF7B6259,51B70068-E324-4E3F-A562-64F099C8063A
DD73EC8B-EEC7-4E62-8CE4-BFFF26D61A6C,F6D6D952-4DE4-434D-B20D-DF2D49B7D4B8,B525B7C9-6A61-45CB-B467-925DE89D4D7A
6C2E31FC-F990-4FB4-8F89-EA442562642B,CE7F85C6-6E68-4DAF-80D6-D470EF7B6259,66FF1293-3A0D-495B-8AF7-DF66BB7C6C48
362D09CD-C275-4557-8817-71BC1FB2F7C6,7EB34E2C-5E24-4162-ADC5-76F0708A2C9D,D95E6239-0017-4D0D-A469-AB9850630FC7
2031716F-E520-4A3E-A7F7-899D71701362,7EB34E2C-5E24-4162-ADC5-76F0708A2C9D,880592A7-AD53-4F66-A176-CEFF504ADDCB
3AAF9E03-470D-4269-A75A-1EF61483EC70,22A1F031-A2BB-453F-9022-33D8AF66DA4D,6BDAC70B-7B08-437F-9911-73C1E1D5C6D0
BBE83F2F-2FDE-4D84-86E8-AA433F5C8FBF,5AD1263F-BF99-4C93-834F-182879BD83EB,880592A7-AD53-4F66-A176-CEFF504ADDCB
652DC4A6-BCCA-4214-9DD0-C607FA2DECF5,648D6323-3BC4-489F-B635-68E3580914DA,EE9CC013-E44C-4309-BC72-258A43D0949F
FFABE2F5-A963-44A2-9781-0F442C294229,8BBA4A3A-CDE9-4863-9955-A0E238B9BA77,1328484A-50E7-430C-8304-25BC14FC8F24
F6589275-E618-4505-90BC-2E61FF5D4F9F,7EB34E2C-5E24-4162-ADC5-76F0708A2C9D,6BDAC70B-7B08-437F-9911-73C1E1D5C6D0
49A0E4AF-F1BA-4902-9D6B-A3964BAC0369,867424C5-04B7-4CFA-9B98-AA18929DD73E,833F6456-5B2C-4BA3-8DAB-2BEA1EB57579
912AA2D0-6A2D-4FA8-85EF-7539E128DC28,648D6323-3BC4-489F-B635-68E3580914DA,833F6456-5B2C-4BA3-8DAB-2BEA1EB57579
2435EC42-64E1-4205-925D-541640FFD16E,A9D09B90-748A-4090-92ED-2CC5416314F4,D95E6239-0017-4D0D-A469-AB9850630FC7
84062D9D-FBB6-43EC-BCB3-2CA3904EE4FB,801C8EDB-71AC-4E73-876B-552B272F63E9,1328484A-50E7-430C-8304-25BC14FC8F24
C41033CF-7922-477E-9F85-67C119EEC92C,68E01834-11CA-4FB3-8251-07F82560FBDB,6BDAC70B-7B08-437F-9911-73C1E1D5C6D0
83C6987A-93BA-4CF8-85ED-12430B4B3466,8805EB29-ECC3-4D09-81AE-572ECBA6E099,6BDAC70B-7B08-437F-9911-73C1E1D5C6D0
FAFD7C16-77B7-420D-8D10-B7103CF12469,883415C8-F203-48E3-ACBD-D17927C67466,A94540EC-D15B-4F52-A7FB-256620A9B1CE
99E6C71A-B146-4A0E-8107-9869534EF113,883415C8-F203-48E3-ACBD-D17927C67466,51B70068-E324-4E3F-A562-64F099C8063A
532D0650-6FB7-43B2-ADA6-9E4B4CE412BF,543A829C-8FF3-4912-B719-03EB45EEB667,3C27C1E1-AF68-4DC7-87E1-06FCE480A4F1
2AD6BDB6-E4C9-474F-B7F8-A1C3568D2A52,D06CE840-78BD-45DD-AD6C-145B95BADDB8,3C27C1E1-AF68-4DC7-87E1-06FCE480A4F1
