PlantedCropID,WeatherLocationID,CropYear,Variety,PlantedCropName,County,PlantingCompleteDate,EmergenceDate,VineKillDate,HarvestStartDate,HarvestCompleteDate
00DB364A-1462-48FE-8386-71F19B040A72,A4924DF7-8154-4619-8F6A-CA76A039A012,2022,Burbank,NE HIGHWAY 02,HUBBARD,5/6/2022,5/31/2022,9/7/2022,9/19/2022,9/21/2022
014CE30F-9008-4B41-A05A-15CCD5045F9A,BD49F928-763A-493B-B0E0-4717B7656A52,2021,Burbank,WEST HIGHWAY 02,OTTER TAIL,4/22/2021,,,9/27/2021,9/28/2021
022DBA41-1FD2-4D25-BBED-EE7250300581,A4924DF7-8154-4619-8F6A-CA76A039A012,2022,Umatilla,ROUND GRANDMA 01,BECKER,5/16/2022,6/12/2022,9/20/2022,10/4/2022,10/5/2022
02331024-B202-4412-8481-A0519E9CFE8E,A4924DF7-8154-4619-8F6A-CA76A039A012,2022,Burbank,NORTH TREE 07,HUBBARD,5/7/2022,6/1/2022,9/7/2022,10/6/2022,10/8/2022
02C0C7F5-1A11-4A1B-B759-9D801852CD33,09BB28C6-0770-4169-B9B6-DE29B4BD4D9A,2023,Umatilla,SE VALLEY 01,OTTER TAIL,5/14/2023,5/31/2023,,,
02D9AF12-1CE5-46A9-9881-6EEA6D543B02,BD49F928-763A-493B-B0E0-4717B7656A52,2022,Burbank,WEST ROLLER 01,OTTER TAIL,5/11/2022,6/5/2022,,9/22/2022,9/25/2022
0301C08D-A5B4-4C32-97D6-C1B4D21AA553,09BB28C6-0770-4169-B9B6-DE29B4BD4D9A,2023,Umatilla,ROUND TRAIL 03,OTTER TAIL,5/6/2023,5/31/2023,,,
03347935-8F03-4E01-9006-3111CB1D9676,4360211F-C7BD-4CC1-BB16-E17074409130,2021,Burbank,EAST TREE 01,OTTER TAIL,4/22/2021,5/25/2021,9/4/2021,8/25/2021,9/15/2021
04804123-490E-471E-A1C9-59EB2C344BD4,BD49F928-763A-493B-B0E0-4717B7656A52,2021,Burbank,NW TRACK 01,OTTER TAIL,5/3/2021,,,9/19/2021,10/4/2021
0514AA6C-0590-4A68-84A8-5A8F8530538F,09BB28C6-0770-4169-B9B6-DE29B4BD4D9A,2023,Alpine,EAST VALLEY 03,OTTER TAIL,5/14/2023,6/5/2023,,,
068C1424-1925-41A4-9B1D-636B071F5190,C8655B27-A850-46E8-AB4F-F68E5803E635,2023,Umatilla,LITTLE ROLLER 03,BECKER,5/17/2023,6/10/2023,,,
07811E06-4CCD-4068-8B6E-18031A312E9F,73A1A160-7670-4F16-9C49-19CA2D35B913,2021,Burbank,WEST LAKE 06,STEARNS,5/1/2021,5/25/2021,9/20/2021,10/6/2021,10/8/2021
07E2A224-D790-4361-A3E4-EED4CE235101,73A1A160-7670-4F16-9C49-19CA2D35B913,2023,Burbank,EAST BARN 01,POPE,5/16/2023,6/5/2023,,,
08424CA9-82BD-4C90-B297-73C622BCC771,A4924DF7-8154-4619-8F6A-CA76A039A012,2023,Alturas,ROUND GRAVEL 09,HUBBARD,5/12/2023,6/10/2023,,,
084E2F4F-B859-4265-8A0B-3AB73935ABBE,E68FEA3A-29B3-4586-B8AF-86F785A08410,2022,Burbank,NW TRAIL 04,OTTER TAIL,5/19/2022,6/11/2022,9/22/2022,10/2/2022,10/3/2022
08EA119D-8F2A-49F6-9918-9C6486D2E220,A4924DF7-8154-4619-8F6A-CA76A039A012,2022,Burbank,WEST VALLEY 10,BECKER,5/14/2022,6/7/2022,8/31/2022,9/12/2022,9/19/2022
09254F55-DFF1-411E-BD1B-98196119A5D5,A4924DF7-8154-4619-8F6A-CA76A039A012,2021,Burbank,BIG GRANDMA 02,HUBBARD,4/20/2021,5/23/2021,8/31/2021,9/7/2021,9/8/2021
0927255B-10FF-4D39-8FE3-EC2A4322D008,4360211F-C7BD-4CC1-BB16-E17074409130,2022,Burbank,SW TRAIL 09,OTTER TAIL,5/18/2022,6/12/2022,9/7/2022,9/21/2022,9/22/2022
09B7DD7D-6B18-4D51-BE8A-BDED2940ED89,A4924DF7-8154-4619-8F6A-CA76A039A012,2022,Burbank,SW HILL 03,CASS,5/10/2022,6/8/2022,,9/21/2022,9/22/2022
09BEF2FA-3D0B-4D0C-8785-E369210E9295,BD49F928-763A-493B-B0E0-4717B7656A52,2022,Burbank,EAST TREE 02,OTTER TAIL,5/16/2022,6/9/2022,,9/27/2022,9/28/2022
0A619958-F028-4B35-9651-A953513CC343,C8655B27-A850-46E8-AB4F-F68E5803E635,2021,Umatilla,WEST BARN 05,BECKER,5/1/2021,5/31/2021,9/9/2021,9/17/2021,9/18/2021
0ABE495C-BD7C-40BA-A670-C6E5701B7185,4360211F-C7BD-4CC1-BB16-E17074409130,2023,Umatilla,NE TREE 08,OTTER TAIL,5/6/2023,5/30/2023,,,
0ACEB26D-E7B0-47AA-AE03-BA263BB1C1DF,C8655B27-A850-46E8-AB4F-F68E5803E635,2023,Umatilla,OUTER BLUE 07,BECKER,5/16/2023,6/8/2023,,,
0B567444-01C2-4E84-8D67-0AA9E004EB2C,73A1A160-7670-4F16-9C49-19CA2D35B913,2021,Ivory Russet,NORTH TRAIL 02,DOUGLAS,4/22/2021,5/27/2021,,9/9/2021,10/7/2021
0B8A1C4F-9160-4FC4-8D5E-E12FFF8784BA,E68FEA3A-29B3-4586-B8AF-86F785A08410,2023,Burbank,NORTH TOWN 08,HUBBARD,5/19/2023,,,,
0BA1727D-4DEB-4CD9-89D6-701D4880997D,4360211F-C7BD-4CC1-BB16-E17074409130,2022,Burbank,SMALL GREEN 09,OTTER TAIL,5/7/2022,6/4/2022,9/12/2022,9/9/2022,9/21/2022
0BBFEEA3-F2A9-47F9-88EF-FEE79FAFCD0F,A4924DF7-8154-4619-8F6A-CA76A039A012,2021,Burbank,ROUND BLUE 08,WADENA,4/23/2021,5/23/2021,,8/20/2021,8/31/2021
0BDB192F-2BF8-4A60-8348-2932A64A236A,09BB28C6-0770-4169-B9B6-DE29B4BD4D9A,2023,Alpine,NW ZIMMATIC 05,OTTER TAIL,5/15/2023,6/6/2023,,,
0C678F12-886C-4A22-BC8D-6A4BDBFBE477,A4924DF7-8154-4619-8F6A-CA76A039A012,2021,Ivory Russet,EAST GRAVEL 06,WADENA,4/22/2021,5/26/2021,,8/16/2021,8/17/2021
0C859E67-4F42-4AA9-96D5-6760D5672587,4360211F-C7BD-4CC1-BB16-E17074409130,2023,Burbank,BIG HOMEPLACE 10,TODD,5/15/2023,6/5/2023,,,
0C8EBEB7-7C71-45CB-95B6-EF03A8756E77,09BB28C6-0770-4169-B9B6-DE29B4BD4D9A,2022,Alpine,SOUTH LAKE 06,OTTER TAIL,5/5/2022,6/2/2022,9/26/2022,10/3/2022,10/5/2022
0D7E13E5-818F-417C-AE97-336FECDA83B1,A7FD485C-0D02-43D7-AD52-AD5E337E55C5,2023,Burbank,WEST GRANDMA 08,TODD,5/9/2023,5/29/2023,,,
0DE52220-ACA1-46F8-9A77-D52746A4125F,73A1A160-7670-4F16-9C49-19CA2D35B913,2022,Burbank,SE ZIMMATIC 05,POPE,5/16/2022,6/10/2022,,9/25/2022,9/27/2022
0DE6B346-7E7F-4AA5-8C90-ECE5B9D53235,BD49F928-763A-493B-B0E0-4717B7656A52,2023,Burbank,LITTLE ZIMMATIC 04,OTTER TAIL,5/15/2023,,,,
0DF0B5E8-1D67-43E5-A16B-94ED8B723ECE,09BB28C6-0770-4169-B9B6-DE29B4BD4D9A,2021,Umatilla,OUTER GRANDAD 08,OTTER TAIL,4/30/2021,5/25/2021,9/11/2021,9/18/2021,9/20/2021
0E1CA0E8-F8E3-4DE3-8C8F-C318086FA672,E68FEA3A-29B3-4586-B8AF-86F785A08410,2023,Umatilla,NE YELLOW 01,OTTER TAIL,5/5/2023,5/29/2023,,,
0E785177-C69A-4D73-A4B6-24BD64223F5C,B537F74D-0151-4539-A311-A6C4B35439C0,2021,Burbank,EAST BARN 03,CASS,4/23/2021,5/26/2021,,9/7/2021,9/11/2021
0EB0D192-1F2D-4264-9998-20CC0BFEA5D6,09BB28C6-0770-4169-B9B6-DE29B4BD4D9A,2023,Burbank,BIG HOMEPLACE 05,OTTER TAIL,5/18/2023,6/5/2023,,,
0EF11E87-CFE3-4164-BDE5-3B647646EBD7,BD49F928-763A-493B-B0E0-4717B7656A52,2021,Burbank,LITTLE GREEN 04,OTTER TAIL,4/22/2021,,,9/7/2021,9/9/2021
0FBC5F0E-8A7C-4DE6-9941-14D3F429B6BB,A4924DF7-8154-4619-8F6A-CA76A039A012,2023,Burbank,ROUND SANDY 02,HUBBARD,5/5/2023,5/28/2023,,,
106AF4A2-C20A-4E2B-A4B2-5E9F047BB436,4360211F-C7BD-4CC1-BB16-E17074409130,2023,Dakota Russet,SMALL GRANDMA 08,OTTER TAIL,5/16/2023,6/7/2023,,,
107F7812-936F-41E7-BE5A-F5C6D7073EAA,C8655B27-A850-46E8-AB4F-F68E5803E635,2021,Burbank,SOUTH COUNTRY 09,BECKER,4/30/2021,5/26/2021,8/31/2021,9/11/2021,9/12/2021
108F9567-C559-4CEC-B638-F20F0114FE15,09BB28C6-0770-4169-B9B6-DE29B4BD4D9A,2021,Burbank,LITTLE YELLOW 07,OTTER TAIL,5/3/2021,5/28/2021,,9/21/2021,9/21/2021
10B22B5A-AA30-47F1-9207-EB293D1A78B8,09BB28C6-0770-4169-B9B6-DE29B4BD4D9A,2023,Umatilla,WEST COUNTRY 04,OTTER TAIL,5/3/2023,5/28/2023,,,
10C1893A-1E1B-476E-AE5C-27926EEC41EA,E68FEA3A-29B3-4586-B8AF-86F785A08410,2021,Burbank,SMALL YELLOW 09,TODD,5/1/2021,5/26/2021,9/5/2021,9/23/2021,9/24/2021
11ED211D-A4EB-4052-83AD-6A20A608E959,C8655B27-A850-46E8-AB4F-F68E5803E635,2021,Burbank,ROUND BLOCK 10,BECKER,4/30/2021,5/25/2021,8/31/2021,9/9/2021,9/10/2021
1209256D-512E-4A7F-B4CE-EC71D3339274,E68FEA3A-29B3-4586-B8AF-86F785A08410,2021,Alpine,WEST BARN 03,OTTER TAIL,4/25/2021,5/28/2021,8/30/2021,9/29/2021,9/29/2021
12641F47-A0C6-4F3C-87F3-72A68ED616AE,4360211F-C7BD-4CC1-BB16-E17074409130,2023,Umatilla,WEST ROCK 08,OTTER TAIL,5/17/2023,6/6/2023,,,
12A107C2-13AD-4558-AB8E-D74152E567F7,4360211F-C7BD-4CC1-BB16-E17074409130,2022,Burbank,NORTH GREEN 08,WADENA,5/7/2022,6/3/2022,9/22/2022,10/10/2022,10/11/2022
132719C2-BD9D-4D5F-87A4-E5A53081401A,E68FEA3A-29B3-4586-B8AF-86F785A08410,2023,Umatilla,WEST GREEN 07,OTTER TAIL,5/19/2023,6/8/2023,,,
13B5C1BD-7DB4-44DC-A320-7E82CACDCA1D,09BB28C6-0770-4169-B9B6-DE29B4BD4D9A,2023,Umatilla,SW VALLEY 10,OTTER TAIL,5/16/2023,6/5/2023,,,
13B7244B-A8EE-40C4-9860-54D8EFEBECC0,A4924DF7-8154-4619-8F6A-CA76A039A012,2022,Burbank,SMALL YELLOW 06,BECKER,5/7/2022,5/29/2022,8/31/2022,9/19/2022,9/26/2022
1409BAD0-E022-4284-99AD-D135E29546C9,A4924DF7-8154-4619-8F6A-CA76A039A012,2022,Umatilla,ROUND VALLEY 02,WADENA,5/16/2022,6/11/2022,,10/4/2022,10/5/2022
14DF6FF3-56FD-4DC8-8F84-6E1606F11C45,BD49F928-763A-493B-B0E0-4717B7656A52,2022,Burbank,ROUND GRAVEL 01,OTTER TAIL,5/17/2022,6/10/2022,,10/6/2022,10/8/2022
1521CCCE-AF40-49DC-82FF-0A1A6EFFC9D2,A4924DF7-8154-4619-8F6A-CA76A039A012,2023,Burbank,NW BLUE 10,HUBBARD,5/6/2023,5/29/2023,,,
1534FDAD-1C17-450C-8882-C5F03BF31E2B,A4924DF7-8154-4619-8F6A-CA76A039A012,2022,Umatilla,OUTER HOMEPLACE 02,HUBBARD,5/15/2022,6/9/2022,,10/2/2022,10/3/2022
153C9991-20D6-40F1-9AE2-38B267FD00AD,E68FEA3A-29B3-4586-B8AF-86F785A08410,2022,Umatilla,SE HILL 02,OTTER TAIL,5/10/2022,6/4/2022,9/8/2022,9/22/2022,9/23/2022
15722AC6-E60E-475F-A09F-216612226F0B,73A1A160-7670-4F16-9C49-19CA2D35B913,2023,Burbank,SE GRANDMA 06,STEARNS,5/4/2023,5/29/2023,,,
15F065C9-3507-468C-B9B9-3E07FB10A144,73A1A160-7670-4F16-9C49-19CA2D35B913,2023,Burbank,EAST ROCK 05,POPE,5/6/2023,5/30/2023,,,
169307BD-62CC-4463-BAAE-2A9D1374A942,C8655B27-A850-46E8-AB4F-F68E5803E635,2022,Umatilla,NORTH TRAIL 10,BECKER,5/18/2022,6/12/2022,9/19/2022,9/30/2022,10/1/2022
1746C2BC-D404-4927-A7E9-0301F176009C,A4924DF7-8154-4619-8F6A-CA76A039A012,2021,Reveille,WEST BARN 08,WADENA,5/3/2021,6/5/2021,8/31/2021,9/25/2021,9/28/2021
176F1D7D-4729-48A9-8246-EAE618449503,09BB28C6-0770-4169-B9B6-DE29B4BD4D9A,2022,Burbank,SW HOMEPLACE 01,OTTER TAIL,5/16/2022,6/8/2022,9/8/2022,9/24/2022,9/25/2022
17875804-33AD-4B17-BD8A-1DF9D1CBAD66,4C640EC5-A72F-403B-90C4-F02FA4F10803,2021,Burbank,SE COUNTRY 04,OTTER TAIL,5/1/2021,5/26/2021,9/18/2021,9/28/2021,9/29/2021
17D324DE-92A6-4D79-95CE-43764AA36FF8,A4924DF7-8154-4619-8F6A-CA76A039A012,2023,Burbank,SOUTH TRACK 09,WADENA,5/13/2023,6/3/2023,,,
18E7837C-C55A-460A-85CE-EC6F450E1C25,C8655B27-A850-46E8-AB4F-F68E5803E635,2022,Umatilla,NE YELLOW 03,BECKER,5/17/2022,6/11/2022,9/19/2022,10/1/2022,10/4/2022
1A748FC3-8B97-44BC-9190-05B5C1DF92F5,09BB28C6-0770-4169-B9B6-DE29B4BD4D9A,2023,Umatilla,OUTER HILL 03,OTTER TAIL,5/13/2023,6/4/2023,,,
1A74A788-3D87-4E76-B088-F29FE0672EF9,A4924DF7-8154-4619-8F6A-CA76A039A012,2022,Burbank,WEST COUNTRY 01,CASS,5/18/2022,6/11/2022,,10/5/2022,10/7/2022
1A8E68E7-273C-468A-AC3D-D43C16B22695,E68FEA3A-29B3-4586-B8AF-86F785A08410,2022,Umatilla,NE TRACK 09,OTTER TAIL,5/11/2022,6/3/2022,,9/26/2022,9/26/2022
1BAFBC79-E691-44F4-A12E-D329859A236E,E68FEA3A-29B3-4586-B8AF-86F785A08410,2021,Reveille,LITTLE BLOCK 10,WADENA,5/4/2021,,9/6/2021,9/29/2021,9/29/2021
1BBC025E-64D7-4C1E-A7B1-69E4DCFCD06E,C8655B27-A850-46E8-AB4F-F68E5803E635,2021,Ivory Russet,SOUTH GRANDAD 10,BECKER,4/24/2021,5/29/2021,8/18/2021,10/5/2021,10/6/2021
1C11CE21-6FEF-4D7C-B17E-AF2050B8E946,A7FD485C-0D02-43D7-AD52-AD5E337E55C5,2023,Burbank,NE ZIMMATIC 09,TODD,5/5/2023,5/29/2023,,,
1C3227D7-C6C3-4201-8E6D-C40B7E727EAB,B537F74D-0151-4539-A311-A6C4B35439C0,2021,Burbank,ROUND LAKE 01,WADENA,4/30/2021,5/28/2021,9/21/2021,9/1/2021,9/28/2021
1C56ACBA-AAD5-41C3-8C2A-1CA9A094EA43,A4924DF7-8154-4619-8F6A-CA76A039A012,2021,Burbank,ROUND HILL 08,CASS,4/22/2021,5/26/2021,,9/13/2021,9/15/2021
1E683264-D904-45AE-9440-001470D3D1C6,73A1A160-7670-4F16-9C49-19CA2D35B913,2023,Burbank,EAST HIGHWAY 09,POPE,5/9/2023,6/1/2023,,,
1FED2C10-7627-4AB7-B7C0-A8C2276F06DA,C8655B27-A850-46E8-AB4F-F68E5803E635,2022,Umatilla,EAST ROCK 04,BECKER,5/18/2022,6/14/2022,,9/22/2022,9/28/2022
203D11E3-DB12-43E5-BAEE-F03C061F2770,A4924DF7-8154-4619-8F6A-CA76A039A012,2023,Burbank,ROUND TREE 04,WADENA,5/12/2023,5/31/2023,,,
209A90BD-EDC0-4C56-8041-A1081273B2A0,4360211F-C7BD-4CC1-BB16-E17074409130,2021,Burbank,NE GREEN 01,OTTER TAIL,4/28/2021,5/27/2021,9/22/2021,8/26/2021,10/3/2021
20FAB825-CD7A-48FE-A042-087270DB20E8,BB66CAEB-1096-49C4-B8EA-B32E93797613,2021,Clearwater,OUTER TOWN 03,MORRISON,4/20/2021,5/24/2021,8/30/2021,9/15/2021,9/16/2021
212761B1-74FF-46E8-9768-F6EEBA4AB77D,73A1A160-7670-4F16-9C49-19CA2D35B913,2022,Burbank,EAST COUNTRY 01,POPE,5/20/2022,6/10/2022,9/21/2022,9/30/2022,10/3/2022
214ADBD9-855B-4C92-915C-5681576B7EC9,4360211F-C7BD-4CC1-BB16-E17074409130,2023,Burbank,NORTH GRANDAD 03,OTTER TAIL,5/15/2023,6/7/2023,,,
21C03482-ECB6-4E0A-BE31-A064CAC1FDEC,A4924DF7-8154-4619-8F6A-CA76A039A012,2021,Umatilla,NW ROCK 09,WADENA,5/2/2021,5/29/2021,8/31/2021,9/7/2021,9/9/2021
21E34FE7-E81D-47C1-9D61-E1E03D59C6EE,BD49F928-763A-493B-B0E0-4717B7656A52,2021,Burbank,SMALL HIGHWAY 05,OTTER TAIL,4/22/2021,,,9/16/2021,9/17/2021
226C4A90-96CA-4BA0-9569-6447781C0055,4360211F-C7BD-4CC1-BB16-E17074409130,2021,Burbank,ROUND ZIMMATIC 04,WADENA,4/30/2021,5/27/2021,9/20/2021,9/27/2021,9/27/2021
22A1F031-A2BB-453F-9022-33D8AF66DA4D,A4924DF7-8154-4619-8F6A-CA76A039A012,2022,Burbank,SW TREE 10,HUBBARD,5/10/2022,6/10/2022,,10/7/2022,10/11/2022
2396D46B-E5B6-477F-8B92-9CA5B243D57B,09BB28C6-0770-4169-B9B6-DE29B4BD4D9A,2023,Umatilla,ROUND VALLEY 04,OTTER TAIL,5/12/2023,6/1/2023,,,
23BF150E-2664-4443-9170-6F94E1083A32,A4924DF7-8154-4619-8F6A-CA76A039A012,2021,Burbank,SE ZIMMATIC 07,HUBBARD,4/28/2021,5/25/2021,8/31/2021,9/26/2021,9/28/2021
23E0693F-6D27-4328-BCB2-0BC863A0D47D,A4924DF7-8154-4619-8F6A-CA76A039A012,2021,Burbank,LITTLE TRACK 09,HUBBARD,4/28/2021,5/23/2021,,8/26/2021,9/28/2021
24BF32D7-5962-4C80-A936-BCA04943FE42,A4924DF7-8154-4619-8F6A-CA76A039A012,2021,Burbank,SOUTH ROLLER 05,HUBBARD,4/22/2021,5/21/2021,9/14/2021,9/23/2021,9/25/2021
2530A9B6-69F4-49E4-9A17-9853BF949A49,4360211F-C7BD-4CC1-BB16-E17074409130,2022,Burbank,NORTH TRACK 07,WADENA,5/7/2022,6/4/2022,9/2/2022,9/13/2022,9/19/2022
255B5465-1DD4-4713-A3F8-D5324FFFD19D,4360211F-C7BD-4CC1-BB16-E17074409130,2021,Burbank,LITTLE HILL 10,OTTER TAIL,4/24/2021,5/25/2021,9/7/2021,8/25/2021,9/17/2021
25C01874-E6DF-4CB9-B6C5-C8F39C1B2AA0,09BB28C6-0770-4169-B9B6-DE29B4BD4D9A,2023,Burbank,ROUND SANDY 08,OTTER TAIL,5/13/2023,6/2/2023,,,
2613140A-39C3-4A4C-B12B-43F5BA0DA0CC,A4924DF7-8154-4619-8F6A-CA76A039A012,2021,Burbank,OUTER ROLLER 02,WADENA,4/27/2021,5/24/2021,9/11/2021,9/10/2021,10/2/2021
26971144-4C3D-4EE6-A891-D31511287630,A4924DF7-8154-4619-8F6A-CA76A039A012,2021,Burbank,OUTER TREE 09,HUBBARD,4/25/2021,5/26/2021,9/15/2021,9/25/2021,10/4/2021
26A15162-C122-4AA3-AEB9-E032E4FF5691,4360211F-C7BD-4CC1-BB16-E17074409130,2023,Umatilla,SMALL LAKE 05,WADENA,5/16/2023,6/4/2023,,,
273D7593-5BB3-44BB-995A-A0341227170E,A4924DF7-8154-4619-8F6A-CA76A039A012,2021,Umatilla,OUTER TREE 03,WADENA,5/2/2021,5/30/2021,9/1/2021,9/10/2021,9/12/2021
27D64F8B-B02C-4CF7-B75F-A29EDEA44C67,C8655B27-A850-46E8-AB4F-F68E5803E635,2021,Burbank,WEST COUNTRY 03,BECKER,4/30/2021,5/25/2021,,8/20/2021,9/10/2021
281BCE93-70E2-4DB0-97E9-0EAD14BF34AB,09BB28C6-0770-4169-B9B6-DE29B4BD4D9A,2021,Alpine,SOUTH ZIMMATIC 07,OTTER TAIL,4/21/2021,5/25/2021,9/9/2021,9/22/2021,9/23/2021
28412FEC-CD1E-47EE-86C1-B7DAED90B6DC,A4924DF7-8154-4619-8F6A-CA76A039A012,2023,Umatilla,LITTLE YELLOW 09,HUBBARD,5/19/2023,6/10/2023,,,
29277E80-35E8-4B47-9B3F-81417200AA06,A4924DF7-8154-4619-8F6A-CA76A039A012,2023,Burbank,SE GRAVEL 10,HUBBARD,5/5/2023,5/29/2023,,,
2A5F8943-3C80-4D1C-A75B-96D74A6CAB97,A7FD485C-0D02-43D7-AD52-AD5E337E55C5,2022,Clearwater,SOUTH VALLEY 03,TODD,5/4/2022,5/31/2022,9/9/2022,9/22/2022,9/26/2022
2A62A5AB-2AD1-4F50-863A-5121210B01F8,4360211F-C7BD-4CC1-BB16-E17074409130,2023,Dakota Russet,SOUTH TREE 05,OTTER TAIL,5/16/2023,6/7/2023,,,
2AA6E4B8-FB81-4144-B034-1C82280ADAA4,BD49F928-763A-493B-B0E0-4717B7656A52,2023,Burbank,EAST TOWN 09,OTTER TAIL,5/17/2023,,,,
2B0C33A0-4D58-49C5-8595-9BC9DB0A0546,09BB28C6-0770-4169-B9B6-DE29B4BD4D9A,2021,Alpine,ROUND YELLOW 09,OTTER TAIL,4/23/2021,5/25/2021,9/15/2021,9/24/2021,9/25/2021
2B553BEC-E3B2-43B5-BD15-F6DDC8AD6F6C,C8655B27-A850-46E8-AB4F-F68E5803E635,2023,Burbank,EAST ROLLER 04,BECKER,5/17/2023,6/8/2023,,,
2BE793C1-411D-4916-BD5F-DE64669E26A5,A4924DF7-8154-4619-8F6A-CA76A039A012,2023,Burbank,NORTH LAKE 02,HUBBARD,5/3/2023,5/28/2023,,,
2C8D482E-082A-4D9E-9106-A48826D52EA3,C8655B27-A850-46E8-AB4F-F68E5803E635,2022,Burbank,WEST COUNTRY 02,BECKER,5/18/2022,6/11/2022,,9/21/2022,9/24/2022
2D387F77-A349-4846-A78B-0837BE1BDDE7,C8655B27-A850-46E8-AB4F-F68E5803E635,2022,Umatilla,SOUTH LAKE 07,BECKER,5/18/2022,6/11/2022,9/9/2022,9/28/2022,9/29/2022
2DF7DA7D-4640-4715-BCD6-C8D24E1E3535,A4924DF7-8154-4619-8F6A-CA76A039A012,2022,Burbank,NW HILL 01,WADENA,5/5/2022,5/28/2022,8/31/2022,9/14/2022,9/19/2022
2E975117-9F9C-4B57-9C96-4264268FC5AF,E68FEA3A-29B3-4586-B8AF-86F785A08410,2021,Umatilla,ROUND BARN 03,OTTER TAIL,4/30/2021,5/27/2021,9/12/2021,9/20/2021,9/21/2021
2EA54E5D-50CC-4646-AD6C-D2B7E682E96D,A4924DF7-8154-4619-8F6A-CA76A039A012,2023,Burbank,NE ROCK 02,HUBBARD,5/17/2023,6/8/2023,,,
2F440C35-1427-4FA6-A933-D7184C6E80F7,A4924DF7-8154-4619-8F6A-CA76A039A012,2022,Burbank,SW HOMEPLACE 03,HUBBARD,5/14/2022,6/7/2022,,9/27/2022,9/28/2022
2FF9F932-6CEC-4E95-860D-02CDDF85204F,09BB28C6-0770-4169-B9B6-DE29B4BD4D9A,2022,Alpine,SE TOWN 02,OTTER TAIL,5/17/2022,6/12/2022,9/24/2022,10/5/2022,10/6/2022
31378AAB-D397-47E7-B81B-6BC133B721D2,BD49F928-763A-493B-B0E0-4717B7656A52,2022,Burbank,NORTH ROCK 01,OTTER TAIL,5/7/2022,6/3/2022,,10/2/2022,10/3/2022
31CD4FAF-2557-4B7C-85F4-5ABF574C7626,BD49F928-763A-493B-B0E0-4717B7656A52,2023,Burbank,ROUND BARN 04,OTTER TAIL,5/15/2023,,,,
33E4A8FC-E942-4101-8019-236FE1C2457A,09BB28C6-0770-4169-B9B6-DE29B4BD4D9A,2022,Burbank,WEST VALLEY 07,OTTER TAIL,5/7/2022,6/4/2022,9/2/2022,9/17/2022,9/17/2022
3432290E-5C44-41E2-8D1A-ADB9B7ACA53F,A4924DF7-8154-4619-8F6A-CA76A039A012,2022,Burbank,LITTLE GRANDAD 04,BECKER,5/7/2022,6/1/2022,9/6/2022,9/21/2022,9/21/2022
3474C282-EDF3-4AFB-92DD-96C9531C8C03,A4924DF7-8154-4619-8F6A-CA76A039A012,2023,Burbank,ROUND HIGHWAY 01,HUBBARD,5/6/2023,5/28/2023,,,
36B6B740-E1DB-4DDE-A1E5-6076D763C397,A4924DF7-8154-4619-8F6A-CA76A039A012,2023,Umatilla,NE LAKE 02,HUBBARD,5/19/2023,6/10/2023,,,
37179338-6019-49AD-B0B7-795CD650EC6E,A4924DF7-8154-4619-8F6A-CA76A039A012,2022,Burbank,EAST ROCK 03,HUBBARD,5/14/2022,6/8/2022,,9/29/2022,9/30/2022
37256956-BE47-4B2C-935A-7EE6F05B076A,09BB28C6-0770-4169-B9B6-DE29B4BD4D9A,2022,Umatilla,ROUND ROCK 10,OTTER TAIL,5/11/2022,6/5/2022,9/21/2022,9/28/2022,9/29/2022
37B9A62C-42A0-46A2-9759-CDA4CA498FC4,BD49F928-763A-493B-B0E0-4717B7656A52,2023,Burbank,WEST GREEN 05,OTTER TAIL,5/9/2023,,,,
380506D8-2421-4096-8A8F-D4F920C0B166,B537F74D-0151-4539-A311-A6C4B35439C0,2023,Burbank,ROUND HILL 03,WADENA,5/14/2023,6/4/2023,,,
381FE227-E769-41D3-B614-AE4785FED074,A4924DF7-8154-4619-8F6A-CA76A039A012,2022,Burbank,WEST ROLLER 03,HUBBARD,5/10/2022,6/7/2022,,9/26/2022,9/27/2022
39C7AB13-5736-4317-BD6D-1902D2903E79,A4924DF7-8154-4619-8F6A-CA76A039A012,2022,Burbank,NORTH GRANDAD 08,HUBBARD,5/4/2022,6/1/2022,9/22/2022,10/8/2022,10/8/2022
39E6D5D5-77F8-4417-BBDE-65B20CB7634E,A4924DF7-8154-4619-8F6A-CA76A039A012,2023,Umatilla,BIG TOWN 03,HUBBARD,5/15/2023,6/8/2023,,,
3A74EF96-509B-494F-97D4-639EEB45F6E4,A4924DF7-8154-4619-8F6A-CA76A039A012,2023,Burbank,ROUND YELLOW 02,HUBBARD,5/17/2023,6/7/2023,,,
3A800691-9FF4-429D-823A-9FE96B19E476,73A1A160-7670-4F16-9C49-19CA2D35B913,2021,Burbank,BIG GRANDMA 03,POPE,4/30/2021,5/26/2021,,9/9/2021,10/5/2021
3A83973D-E88B-422A-8320-1669838EDC85,E68FEA3A-29B3-4586-B8AF-86F785A08410,2021,Burbank,ROUND VALLEY 07,OTTER TAIL,5/2/2021,5/27/2021,9/9/2021,8/31/2021,9/26/2021
3ABB0490-149E-48D4-A5C3-EB26F31AE6F7,A4924DF7-8154-4619-8F6A-CA76A039A012,2023,Alturas,NW VALLEY 10,HUBBARD,5/13/2023,6/4/2023,,,
3C9AD93B-E186-4AF7-927D-F9787E48F6F1,73A1A160-7670-4F16-9C49-19CA2D35B913,2021,Burbank,NW ROCK 08,POPE,4/29/2021,5/26/2021,,9/13/2021,9/24/2021
3CA50D36-268A-40EB-BC99-5D7C22CD2461,A4924DF7-8154-4619-8F6A-CA76A039A012,2021,Burbank,NORTH TRACK 10,HUBBARD,4/28/2021,5/26/2021,9/14/2021,9/24/2021,9/25/2021
3D0C94C3-8C9A-4D15-812F-F606E6EAA0D2,09BB28C6-0770-4169-B9B6-DE29B4BD4D9A,2021,Ivory Russet,SMALL TRACK 04,OTTER TAIL,4/23/2021,5/24/2021,8/17/2021,8/30/2021,9/7/2021
3D57BD94-EC52-426F-8891-64812C16EB4A,73A1A160-7670-4F16-9C49-19CA2D35B913,2023,Burbank,EAST LAKE 02,STEARNS,5/5/2023,5/30/2023,,,
3DA3CFA6-915C-4C10-BE88-2717C506BFAE,A4924DF7-8154-4619-8F6A-CA76A039A012,2023,Burbank,SOUTH LAKE 01,WADENA,5/13/2023,6/2/2023,,,
3DCB52F4-C244-4C42-9E8F-4E3B6D92FC20,A4924DF7-8154-4619-8F6A-CA76A039A012,2022,Burbank,SW ZIMMATIC 05,HUBBARD,5/15/2022,6/8/2022,9/22/2022,10/7/2022,10/8/2022
3DE63D3E-389A-416C-8F9F-81219568ABB6,A4924DF7-8154-4619-8F6A-CA76A039A012,2022,Umatilla,BIG HIGHWAY 08,HUBBARD,5/15/2022,6/8/2022,,10/4/2022,10/6/2022
3DEBFA77-F421-4956-8C52-7A5E62C82B19,4360211F-C7BD-4CC1-BB16-E17074409130,2023,Umatilla,NW ROLLER 09,TODD,5/5/2023,5/29/2023,,,
3E17E19C-F2B2-4B24-9643-0081CE22DD0A,C8655B27-A850-46E8-AB4F-F68E5803E635,2023,Burbank,EAST HOMEPLACE 05,BECKER,5/18/2023,6/5/2023,,,
3E91AC28-882D-46F6-A4CD-8C4104B54F45,BD49F928-763A-493B-B0E0-4717B7656A52,2023,Burbank,ROUND GRANDMA 05,OTTER TAIL,5/5/2023,,,,
3F0AF2E3-52FB-41A3-8915-9C9BF9549F89,A4924DF7-8154-4619-8F6A-CA76A039A012,2021,Burbank,NORTH TRACK 04,WADENA,4/29/2021,5/28/2021,9/10/2021,9/25/2021,9/25/2021
3F245375-B9C4-4AEC-AA88-C8FA49110816,E68FEA3A-29B3-4586-B8AF-86F785A08410,2023,Burbank,SOUTH HIGHWAY 09,OTTER TAIL,5/9/2023,,,,
3FE4DEC5-F4B3-401C-934B-12F74221D942,A7FD485C-0D02-43D7-AD52-AD5E337E55C5,2021,Burbank,NW TRACK 05,TODD,5/3/2021,5/27/2021,9/13/2021,9/27/2021,9/28/2021
408C1843-50B5-4375-BB10-57DCF21FE2C4,09BB28C6-0770-4169-B9B6-DE29B4BD4D9A,2022,Burbank,SOUTH ROLLER 03,OTTER TAIL,5/18/2022,6/11/2022,9/6/2022,9/23/2022,10/5/2022
41255883-87D9-4F47-80A6-3FF5CCF802C9,A4924DF7-8154-4619-8F6A-CA76A039A012,2021,Burbank,OUTER GRANDAD 04,CASS,4/24/2021,5/25/2021,9/13/2021,8/30/2021,9/29/2021
416EDFE6-2A13-430B-81C5-0C4ADD0A4B80,A4924DF7-8154-4619-8F6A-CA76A039A012,2023,Umatilla,SE ROCK 09,HUBBARD,5/15/2023,6/7/2023,,,
41F2D4F9-FB3F-4F75-81FE-52E781FB628B,E68FEA3A-29B3-4586-B8AF-86F785A08410,2023,Umatilla,OUTER BARN 06,OTTER TAIL,5/5/2023,5/29/2023,,,
41F9150C-D274-42F7-BAED-F02117DBE242,E68FEA3A-29B3-4586-B8AF-86F785A08410,2023,Umatilla,ROUND BLUE 01,OTTER TAIL,5/19/2023,6/8/2023,,,
421686FD-6A8F-472A-8B47-3947F3E630B9,E68FEA3A-29B3-4586-B8AF-86F785A08410,2022,Burbank,SOUTH HILL 01,OTTER TAIL,5/18/2022,6/9/2022,9/24/2022,10/1/2022,10/2/2022
42A42E63-9A07-46E9-B505-BDB7F16FEA4B,09BB28C6-0770-4169-B9B6-DE29B4BD4D9A,2022,Alpine,NW YELLOW 08,OTTER TAIL,5/6/2022,6/3/2022,9/26/2022,10/5/2022,10/6/2022
42D34DE7-8F80-4D91-BCBB-BF3F87D8B6AC,A4924DF7-8154-4619-8F6A-CA76A039A012,2022,Umatilla,BIG BLUE 07,BECKER,5/16/2022,6/15/2022,9/18/2022,10/5/2022,10/6/2022
43802B4D-8AD7-469E-9952-8BDE00BF543C,09BB28C6-0770-4169-B9B6-DE29B4BD4D9A,2023,Alpine,NW TRAIL 08,OTTER TAIL,5/15/2023,6/6/2023,,,
43A97F8B-49C9-41B8-8E09-26C185A4D777,A4924DF7-8154-4619-8F6A-CA76A039A012,2021,Burbank,LITTLE BARN 07,HUBBARD,4/30/2021,5/23/2021,9/11/2021,9/29/2021,10/2/2021
43F7E344-C0F4-4C28-86BC-DCA8769007C4,BD49F928-763A-493B-B0E0-4717B7656A52,2021,Burbank,OUTER GRAVEL 07,OTTER TAIL,5/3/2021,,,9/28/2021,10/1/2021
44112609-8695-46E4-BE1E-3B0D866FAB61,09BB28C6-0770-4169-B9B6-DE29B4BD4D9A,2021,Alpine,OUTER HILL 06,OTTER TAIL,4/23/2021,5/25/2021,9/15/2021,9/25/2021,9/26/2021
449298FC-8DA4-4A12-8BD2-840F115AD2EA,09BB28C6-0770-4169-B9B6-DE29B4BD4D9A,2021,Umatilla,SMALL BARN 06,OTTER TAIL,4/25/2021,5/25/2021,9/9/2021,9/17/2021,9/18/2021
44B84332-81C6-427F-A99C-A117C8E5CBEF,E68FEA3A-29B3-4586-B8AF-86F785A08410,2022,Burbank,WEST HOMEPLACE 03,OTTER TAIL,5/18/2022,6/12/2022,9/19/2022,9/29/2022,9/29/2022
44E8501B-0D61-4022-AC8D-C39ECBE26292,FC69EB42-658D-4844-81D9-19CB22AB7969,2023,Burbank,LITTLE VALLEY 05,BENTON,5/2/2023,5/28/2023,,,
45601B32-E66B-48CB-816D-3464A5E3BD1D,A4924DF7-8154-4619-8F6A-CA76A039A012,2023,Umatilla,SMALL ROLLER 04,HUBBARD,5/4/2023,5/31/2023,,,
457B9C83-3135-46C0-9532-0AD855B8618A,A4924DF7-8154-4619-8F6A-CA76A039A012,2021,Burbank,WEST ROCK 02,WADENA,4/29/2021,5/27/2021,9/10/2021,9/25/2021,9/26/2021
45E46658-D06D-4364-BA07-C4E582D5BBC8,BB66CAEB-1096-49C4-B8EA-B32E93797613,2021,Burbank,SE YELLOW 06,MORRISON,4/18/2021,5/24/2021,8/30/2021,9/13/2021,10/7/2021
4618BEEA-B19C-4711-A7E2-908CA9E6EDE7,09BB28C6-0770-4169-B9B6-DE29B4BD4D9A,2022,Burbank,NE TOWN 03,OTTER TAIL,5/18/2022,6/11/2022,9/6/2022,9/21/2022,9/21/2022
46462561-83B2-46D4-B921-235F89A71CD5,09BB28C6-0770-4169-B9B6-DE29B4BD4D9A,2022,Umatilla,OUTER ZIMMATIC 04,OTTER TAIL,5/6/2022,6/2/2022,,9/18/2022,9/19/2022
465CB0F9-A32E-443A-9110-5909EEF72D69,A4924DF7-8154-4619-8F6A-CA76A039A012,2021,Burbank,WEST GRANDMA 04,HUBBARD,5/1/2021,5/28/2021,9/13/2021,9/28/2021,9/29/2021
46FC9C13-A46A-4927-B920-490DD516DB7F,BD49F928-763A-493B-B0E0-4717B7656A52,2022,Burbank,ROUND GRAVEL 03,OTTER TAIL,5/18/2022,6/11/2022,9/20/2022,10/1/2022,10/2/2022
47110A4D-5492-45E7-A0DB-22FCFE0D50A4,A4924DF7-8154-4619-8F6A-CA76A039A012,2023,Burbank,OUTER TRACK 06,WADENA,5/3/2023,5/30/2023,,,
47156A13-C311-4AB9-8A30-B86041BE354F,A4924DF7-8154-4619-8F6A-CA76A039A012,2021,Burbank,ROUND GRANDMA 01,HUBBARD,4/27/2021,5/24/2021,,9/8/2021,9/9/2021
47964709-5321-4FA8-AEC4-11832497D27F,BD49F928-763A-493B-B0E0-4717B7656A52,2022,Burbank,SMALL ROLLER 06,OTTER TAIL,5/7/2022,6/3/2022,,9/30/2022,10/2/2022
485EB6F6-1DA3-42C7-830D-3CC3CE0F54D8,BD49F928-763A-493B-B0E0-4717B7656A52,2023,Burbank,ROUND GREEN 02,OTTER TAIL,5/8/2023,,,,
48927FAE-4523-4771-ABB6-F4BDF486EC17,BD49F928-763A-493B-B0E0-4717B7656A52,2023,Burbank,NE GRANDAD 08,OTTER TAIL,5/14/2023,,,,
491C648F-47B6-4893-B676-7B47BD6A7858,09BB28C6-0770-4169-B9B6-DE29B4BD4D9A,2022,Burbank,EAST COUNTRY 06,OTTER TAIL,5/18/2022,6/11/2022,9/24/2022,9/9/2022,10/3/2022
499D659A-7ACA-451A-AC1B-82248237830A,A4924DF7-8154-4619-8F6A-CA76A039A012,2022,Umatilla,ROUND GRAVEL 08,HUBBARD,5/16/2022,6/12/2022,9/9/2022,9/30/2022,10/1/2022
4A095301-64FD-46A3-9274-2A92E4CA1FCB,C8655B27-A850-46E8-AB4F-F68E5803E635,2023,Burbank,NORTH GREEN 02,BECKER,5/18/2023,6/8/2023,,,
4A101519-F2A7-4B2C-8FBE-2DA0393F4C97,E68FEA3A-29B3-4586-B8AF-86F785A08410,2022,Burbank,NE VALLEY 04,HUBBARD,5/20/2022,,,10/6/2022,10/6/2022
4B97CDFB-F903-45F1-B7CC-C0207C8728BC,A4924DF7-8154-4619-8F6A-CA76A039A012,2021,Burbank,NW BLUE 06,HUBBARD,4/27/2021,5/29/2021,9/14/2021,9/25/2021,10/5/2021
4C868AB1-1218-471F-8728-21C0BD00685E,A4924DF7-8154-4619-8F6A-CA76A039A012,2023,Burbank,SE TRAIL 05,HUBBARD,5/14/2023,6/4/2023,,,
4E3D8861-FC24-4A91-B2CE-4ED027DB132D,C8655B27-A850-46E8-AB4F-F68E5803E635,2022,Burbank,ROUND HILL 01,BECKER,5/15/2022,6/7/2022,8/31/2022,9/9/2022,9/13/2022
4EBF526D-BC11-47C7-A460-65DBBFC25FDA,09BB28C6-0770-4169-B9B6-DE29B4BD4D9A,2023,Umatilla,SOUTH HILL 02,OTTER TAIL,5/13/2023,6/1/2023,,,
4ED35ABC-4BC0-4832-A0EB-DBAF40AA0C8E,A4924DF7-8154-4619-8F6A-CA76A039A012,2023,Umatilla,ROUND BLUE 04,WADENA,5/3/2023,5/30/2023,,,
50097E30-26AB-44DB-BBEA-0F0FA8F15E8F,E68FEA3A-29B3-4586-B8AF-86F785A08410,2023,Burbank,BIG ZIMMATIC 05,OTTER TAIL,5/12/2023,6/1/2023,,,
5039F5E3-5FBF-49F3-9BB9-1A85AE6EF1E7,09BB28C6-0770-4169-B9B6-DE29B4BD4D9A,2022,Burbank,SOUTH BLUE 10,OTTER TAIL,5/19/2022,6/11/2022,,9/8/2022,10/5/2022
5112BECF-DD48-417E-ACFE-E4A175C8B9A2,A4924DF7-8154-4619-8F6A-CA76A039A012,2021,Burbank,EAST HILL 02,WADENA,4/28/2021,5/24/2021,9/11/2021,9/23/2021,9/24/2021
517F85E1-947A-424E-884F-3E70912CE4F0,A7FD485C-0D02-43D7-AD52-AD5E337E55C5,2021,Burbank,NW ROCK 05,TODD,4/30/2021,5/24/2021,9/7/2021,9/16/2021,9/22/2021
51D1375E-002A-4334-9381-DF44BA396845,09BB28C6-0770-4169-B9B6-DE29B4BD4D9A,2021,Umatilla,NORTH SANDY 07,OTTER TAIL,4/29/2021,5/28/2021,9/13/2021,9/21/2021,9/22/2021
521220AF-8874-4A13-AF5C-990BB35A92F4,A4924DF7-8154-4619-8F6A-CA76A039A012,2022,Burbank,SE HILL 09,HUBBARD,5/11/2022,6/5/2022,,9/23/2022,9/27/2022
53915A71-A607-42D8-BEC0-5A4B458C772C,BD49F928-763A-493B-B0E0-4717B7656A52,2022,Burbank,SW BARN 07,OTTER TAIL,5/15/2022,6/9/2022,,9/12/2022,9/21/2022
548446ED-B43D-4200-8386-E6F4F2859DD6,A4924DF7-8154-4619-8F6A-CA76A039A012,2021,Umatilla,NW GRANDAD 01,WADENA,5/2/2021,5/30/2021,9/8/2021,9/14/2021,9/16/2021
55232612-87E2-4039-890E-F813B122E5D9,73A1A160-7670-4F16-9C49-19CA2D35B913,2022,Burbank,SE TRAIL 09,POPE,5/20/2022,6/12/2022,,9/10/2022,9/11/2022
554245CF-897B-4154-982C-E4621D05F3AA,A4924DF7-8154-4619-8F6A-CA76A039A012,2022,Umatilla,SMALL HILL 06,HUBBARD,5/15/2022,6/9/2022,,9/29/2022,10/4/2022
556EE5A7-B11A-44BB-92E5-27C7CB892BBF,A4924DF7-8154-4619-8F6A-CA76A039A012,2021,Burbank,NE YELLOW 05,HUBBARD,4/30/2021,5/24/2021,9/14/2021,8/25/2021,9/25/2021
55A4AC1F-AFED-4DED-B286-73F92A423BFA,09BB28C6-0770-4169-B9B6-DE29B4BD4D9A,2021,Burbank,SMALL HIGHWAY 04,OTTER TAIL,5/2/2021,5/28/2021,9/6/2021,8/31/2021,9/17/2021
55CAA74B-98D2-4A60-9D1A-A7248B9F0C1B,4360211F-C7BD-4CC1-BB16-E17074409130,2023,Umatilla,SOUTH SANDY 07,OTTER TAIL,5/17/2023,6/6/2023,,,
5741C878-C258-4C0F-A716-56E3473CE0E8,4360211F-C7BD-4CC1-BB16-E17074409130,2021,Burbank,ROUND HILL 10,OTTER TAIL,4/23/2021,5/25/2021,9/10/2021,8/26/2021,10/4/2021
5777BD4F-CAA0-4720-91E0-7F4EC4346694,A4924DF7-8154-4619-8F6A-CA76A039A012,2023,Alturas,NE VALLEY 05,HUBBARD,5/12/2023,6/6/2023,,,
578AF485-54E4-4AC4-8597-B81150AFEC95,09BB28C6-0770-4169-B9B6-DE29B4BD4D9A,2021,Burbank,OUTER ZIMMATIC 06,OTTER TAIL,5/2/2021,5/28/2021,9/1/2021,8/31/2021,9/16/2021
58378E82-B27F-44AD-AB75-64DA6F965156,C8655B27-A850-46E8-AB4F-F68E5803E635,2021,Ivory Russet,SOUTH BARN 06,BECKER,4/25/2021,5/27/2021,8/18/2021,9/26/2021,9/26/2021
58DA0D58-E653-4220-92D3-88FF7E12CC6D,BB66CAEB-1096-49C4-B8EA-B32E93797613,2023,Burbank,SOUTH BLOCK 08,MORRISON,5/2/2023,5/27/2023,,,
59F199F1-3ECD-417A-977B-5769A922FC9F,4360211F-C7BD-4CC1-BB16-E17074409130,2022,Umatilla,SMALL GRANDAD 10,WADENA,5/11/2022,6/2/2022,9/20/2022,9/29/2022,10/4/2022
5A1B5B6C-2EE4-4569-BCBE-AA5475BA9F90,E68FEA3A-29B3-4586-B8AF-86F785A08410,2022,Burbank,SOUTH GRAVEL 08,OTTER TAIL,5/5/2022,6/4/2022,9/6/2022,9/21/2022,9/21/2022
5A83DC6E-7597-49CE-8C44-DA9D88D1A37B,A4924DF7-8154-4619-8F6A-CA76A039A012,2021,Burbank,SE ROLLER 04,HUBBARD,4/21/2021,5/22/2021,,9/9/2021,9/10/2021
5ABE1578-4C53-485F-BDD5-1655C978BF02,BB66CAEB-1096-49C4-B8EA-B32E93797613,2022,Burbank,NW GRAVEL 03,MORRISON,5/5/2022,6/1/2022,9/21/2022,10/3/2022,10/7/2022
5AD1263F-BF99-4C93-834F-182879BD83EB,A4924DF7-8154-4619-8F6A-CA76A039A012,2022,Burbank,NW ROCK 10,HUBBARD,5/11/2022,6/10/2022,,9/14/2022,10/11/2022
5B34FEF0-B6DB-4921-86D8-F656E95762A0,09BB28C6-0770-4169-B9B6-DE29B4BD4D9A,2022,Alpine,SW GRANDAD 07,OTTER TAIL,5/6/2022,6/3/2022,9/26/2022,10/6/2022,10/6/2022
5B48F873-B988-4977-A097-4F154E4C6185,BB66CAEB-1096-49C4-B8EA-B32E93797613,2022,Burbank,SMALL HILL 01,MORRISON,5/3/2022,5/31/2022,,9/17/2022,9/20/2022
5CB85B80-3CDA-44E3-8F05-E060749789A1,A4924DF7-8154-4619-8F6A-CA76A039A012,2021,Ivory Russet,EAST TOWN 01,WADENA,4/21/2021,5/25/2021,,8/20/2021,8/31/2021
5CF49692-BCBC-4EB6-8AE3-ECEB5AFC26A1,A4924DF7-8154-4619-8F6A-CA76A039A012,2023,Burbank,SE HOMEPLACE 08,HUBBARD,5/5/2023,5/28/2023,,,
5D0F149E-3EAC-4572-A35D-C88035BB3DEE,BB66CAEB-1096-49C4-B8EA-B32E93797613,2022,Clearwater,NE VALLEY 09,MORRISON,4/29/2022,5/30/2022,9/14/2022,9/29/2022,10/1/2022
5D852190-800F-44B4-87AE-7F376DD76133,BD49F928-763A-493B-B0E0-4717B7656A52,2023,Burbank,BIG GRAVEL 03,OTTER TAIL,5/14/2023,,,,
5D9CF3F0-5273-4D4B-907E-184273775237,A7FD485C-0D02-43D7-AD52-AD5E337E55C5,2023,Burbank,NE GRANDMA 09,TODD,5/4/2023,5/29/2023,,,
5E0C48F9-E917-4696-A0B0-563185A25965,C8655B27-A850-46E8-AB4F-F68E5803E635,2022,Umatilla,SMALL VALLEY 10,BECKER,5/17/2022,6/10/2022,9/19/2022,9/26/2022,9/27/2022
5E4E6496-1846-4E61-9F6C-84299702A0B5,A4924DF7-8154-4619-8F6A-CA76A039A012,2023,Umatilla,ROUND COUNTRY 03,HUBBARD,5/14/2023,6/4/2023,,,
5E59C15E-E659-44DF-B9D9-01786E21B99D,73A1A160-7670-4F16-9C49-19CA2D35B913,2023,Burbank,SE HOMEPLACE 09,POPE,5/3/2023,5/28/2023,,,
5E7635A6-DABD-4F11-96FB-8882BC016DCF,4360211F-C7BD-4CC1-BB16-E17074409130,2022,Dakota Russet,SOUTH GRANDMA 01,WADENA,5/17/2022,6/11/2022,,9/27/2022,9/27/2022
5E830E39-151B-4225-8B36-DE26606AEAE8,BD49F928-763A-493B-B0E0-4717B7656A52,2023,Burbank,WEST LAKE 02,OTTER TAIL,5/17/2023,6/6/2023,,,
60230F94-7349-432E-9724-17D8F562F311,73A1A160-7670-4F16-9C49-19CA2D35B913,2022,Burbank,SOUTH HILL 06,POPE,5/22/2022,6/14/2022,9/20/2022,10/7/2022,10/8/2022
60F6F3D5-5527-4F1B-9B73-6BAF487A2944,73A1A160-7670-4F16-9C49-19CA2D35B913,2022,Burbank,NE TRACK 08,POPE,5/16/2022,6/9/2022,,9/14/2022,9/21/2022
618FBC9C-D3CF-4DC1-8AF0-93DF371CE04F,E68FEA3A-29B3-4586-B8AF-86F785A08410,2022,Burbank,SE TRAIL 06,OTTER TAIL,5/20/2022,6/12/2022,9/19/2022,9/28/2022,9/29/2022
61CDC4C0-1986-4870-95CD-36B879D07211,C8655B27-A850-46E8-AB4F-F68E5803E635,2021,Umatilla,SW TRAIL 08,BECKER,5/1/2021,5/31/2021,9/1/2021,9/16/2021,9/16/2021
624B4B10-4667-40A4-B320-80889DB351A7,09BB28C6-0770-4169-B9B6-DE29B4BD4D9A,2021,Alpine,NORTH GREEN 03,OTTER TAIL,4/22/2021,5/24/2021,9/13/2021,9/23/2021,9/24/2021
62604C5C-F305-4D29-B402-FECBA7C8C8AA,C8655B27-A850-46E8-AB4F-F68E5803E635,2022,Umatilla,ROUND COUNTRY 04,BECKER,5/18/2022,6/13/2022,9/17/2022,9/29/2022,9/30/2022
62F1CC0B-3991-4721-AA5C-2E1B405A5F57,B537F74D-0151-4539-A311-A6C4B35439C0,2022,Burbank,NW ROLLER 06,WADENA,5/14/2022,6/9/2022,9/26/2022,10/7/2022,10/8/2022
633F9A09-11AD-4FFE-9FCC-238B783E4414,E68FEA3A-29B3-4586-B8AF-86F785A08410,2022,Burbank,ROUND TREE 07,OTTER TAIL,5/19/2022,,9/22/2022,10/2/2022,10/2/2022
6388C533-0778-4034-A7F1-ADE8F9F7BB07,A4924DF7-8154-4619-8F6A-CA76A039A012,2023,Burbank,WEST ZIMMATIC 06,HUBBARD,5/14/2023,6/4/2023,,,
638C53FF-03C4-4BA7-BBD2-F215ACBC866F,A4924DF7-8154-4619-8F6A-CA76A039A012,2021,Burbank,OUTER ROLLER 05,CASS,4/23/2021,5/28/2021,,9/16/2021,9/18/2021
644D09A4-90E7-4667-8B33-CDDFC95DE12F,C8655B27-A850-46E8-AB4F-F68E5803E635,2021,Umatilla,EAST HOMEPLACE 03,BECKER,5/1/2021,5/27/2021,,9/14/2021,9/16/2021
6481E01E-5B86-47ED-8B99-F0BF8E4313A4,E68FEA3A-29B3-4586-B8AF-86F785A08410,2022,Dakota Russet,LITTLE TRACK 10,WADENA,5/17/2022,6/11/2022,,9/27/2022,9/28/2022
648D6323-3BC4-489F-B635-68E3580914DA,4360211F-C7BD-4CC1-BB16-E17074409130,2022,Burbank,SMALL TOWN 03,OTTER TAIL,5/7/2022,6/4/2022,9/26/2022,9/9/2022,10/10/2022
64ECA010-CD1A-43FB-A36B-788022CF60B6,BD49F928-763A-493B-B0E0-4717B7656A52,2021,Burbank,ROUND ROLLER 01,OTTER TAIL,4/24/2021,,,9/17/2021,9/27/2021
6571EC4A-3479-4DC3-8E73-4AAF023F4699,A4924DF7-8154-4619-8F6A-CA76A039A012,2021,Ivory Russet,ROUND TOWN 04,HUBBARD,4/25/2021,5/26/2021,8/18/2021,9/26/2021,9/26/2021
657C9D96-59DC-4BD1-9C55-56DF0936B3E9,A4924DF7-8154-4619-8F6A-CA76A039A012,2023,Burbank,BIG YELLOW 08,HUBBARD,5/12/2023,5/30/2023,,,
65C34A57-B8AF-4C7C-8C3E-FDEA13F62F7B,A4924DF7-8154-4619-8F6A-CA76A039A012,2022,Umatilla,BIG GRANDAD 10,HUBBARD,5/16/2022,6/12/2022,,10/3/2022,10/4/2022
65CEC24F-CBA1-4B8E-AAE1-A21E79BF9BD6,BD49F928-763A-493B-B0E0-4717B7656A52,2023,Burbank,EAST BLOCK 04,OTTER TAIL,5/17/2023,6/7/2023,,,
66633F57-90B4-49A4-A9B1-D59E433D4F4E,A4924DF7-8154-4619-8F6A-CA76A039A012,2022,Burbank,OUTER TOWN 09,HUBBARD,5/14/2022,6/11/2022,,9/28/2022,9/29/2022
668FD5DD-7E6F-40C6-A06F-5A559596833E,C8655B27-A850-46E8-AB4F-F68E5803E635,2023,Umatilla,EAST GRAVEL 01,BECKER,5/16/2023,6/6/2023,,,
66A5CA8E-F369-4A9A-9564-3B9CF2197D0D,C8655B27-A850-46E8-AB4F-F68E5803E635,2021,Burbank,OUTER ROCK 06,BECKER,4/30/2021,5/26/2021,,9/12/2021,9/14/2021
66CA54ED-4093-4B84-8099-E004B6F6AEE8,C8655B27-A850-46E8-AB4F-F68E5803E635,2023,Umatilla,LITTLE TRACK 01,BECKER,5/17/2023,6/9/2023,,,
6728706A-8E6E-4919-873E-7B853337A2E6,BB66CAEB-1096-49C4-B8EA-B32E93797613,2023,Burbank,NE LAKE 01,MORRISON,5/4/2023,5/29/2023,,,
678859A8-F705-4F29-8BBC-2BF2E86864AC,4360211F-C7BD-4CC1-BB16-E17074409130,2021,Umatilla,WEST HIGHWAY 06,WADENA,4/30/2021,5/26/2021,9/14/2021,9/21/2021,9/22/2021
67FB7E81-366C-4488-8D52-685E36A54B98,A4924DF7-8154-4619-8F6A-CA76A039A012,2021,Umatilla,SMALL TRAIL 01,HUBBARD,5/2/2021,5/31/2021,9/11/2021,9/16/2021,9/18/2021
68E01834-11CA-4FB3-8251-07F82560FBDB,A4924DF7-8154-4619-8F6A-CA76A039A012,2022,Burbank,WEST GRAVEL 02,HUBBARD,5/19/2022,6/15/2022,,10/9/2022,10/9/2022
68E22E4D-34D4-4999-893A-F27FD7105231,A4924DF7-8154-4619-8F6A-CA76A039A012,2022,Umatilla,ROUND ROLLER 02,WADENA,5/16/2022,6/11/2022,,10/4/2022,10/4/2022
6906FE3A-0F13-4211-95EC-3535990E9329,4360211F-C7BD-4CC1-BB16-E17074409130,2021,Burbank,ROUND BARN 07,WADENA,4/23/2021,5/25/2021,8/31/2021,8/26/2021,9/9/2021
696B1CA0-E079-48CB-9B0E-8CBD3FB90028,C8655B27-A850-46E8-AB4F-F68E5803E635,2023,Umatilla,LITTLE LAKE 02,BECKER,5/6/2023,5/31/2023,,,
6999035F-3489-4394-BD18-7C096CCEC070,4360211F-C7BD-4CC1-BB16-E17074409130,2022,Umatilla,ROUND GRANDMA 09,OTTER TAIL,5/16/2022,6/10/2022,9/24/2022,10/1/2022,10/2/2022
6A0D2B4E-F01D-411A-9308-000C822DA7CA,A4924DF7-8154-4619-8F6A-CA76A039A012,2023,Umatilla,ROUND HIGHWAY 09,HUBBARD,5/4/2023,5/28/2023,,,
6A8376EF-83B9-41AF-A164-68840EF99DF8,09BB28C6-0770-4169-B9B6-DE29B4BD4D9A,2023,Burbank,NORTH LAKE 10,OTTER TAIL,5/16/2023,6/6/2023,,,
6B8DF939-5A27-43EF-8F9C-20072846EC95,A4924DF7-8154-4619-8F6A-CA76A039A012,2021,Burbank,SMALL LAKE 03,BECKER,4/29/2021,5/26/2021,8/31/2021,9/7/2021,9/8/2021
6C073B0F-F7E7-4E83-8653-D658406AC115,A4924DF7-8154-4619-8F6A-CA76A039A012,2023,Burbank,WEST HOMEPLACE 06,WADENA,5/12/2023,5/29/2023,,,
6C5F2605-41EC-42E9-A920-EB9E12BEE609,A4924DF7-8154-4619-8F6A-CA76A039A012,2022,Umatilla,OUTER COUNTRY 05,HUBBARD,5/15/2022,6/10/2022,,9/27/2022,9/29/2022
6D34487E-1254-492C-9BFB-788EC4979D70,09BB28C6-0770-4169-B9B6-DE29B4BD4D9A,2021,Alpine,SW VALLEY 06,OTTER TAIL,4/22/2021,5/24/2021,9/9/2021,9/21/2021,9/22/2021
6D7ADD5C-3EC4-461B-9755-8F1456FC04BF,BB66CAEB-1096-49C4-B8EA-B32E93797613,2023,Burbank,SW HOMEPLACE 05,CROW WING,5/3/2023,5/28/2023,,,
6DAF0203-BF92-4C0D-8A99-07DA3111AC87,E68FEA3A-29B3-4586-B8AF-86F785A08410,2021,Burbank,WEST SANDY 06,OTTER TAIL,5/4/2021,5/27/2021,9/1/2021,8/25/2021,10/1/2021
6E3214FD-B565-49F2-BB3F-66DBC3BFF8AE,4360211F-C7BD-4CC1-BB16-E17074409130,2022,Burbank,EAST TRACK 02,OTTER TAIL,5/17/2022,6/11/2022,9/25/2022,10/2/2022,10/2/2022
6E360C3D-1266-43C9-BE27-BB2D4F3036BE,BD49F928-763A-493B-B0E0-4717B7656A52,2023,Burbank,SW BARN 03,OTTER TAIL,5/16/2023,,,,
6F33D011-F4C6-4749-866C-CF96703A5AB7,A7FD485C-0D02-43D7-AD52-AD5E337E55C5,2022,Burbank,SW GRANDAD 03,TODD,5/16/2022,6/4/2022,9/20/2022,9/29/2022,10/3/2022
6F3E84C5-6D69-4288-ADE4-33AC40852908,A4924DF7-8154-4619-8F6A-CA76A039A012,2021,Burbank,ROUND GRANDAD 08,WADENA,4/29/2021,5/26/2021,9/10/2021,9/26/2021,9/29/2021
6F5E3813-A7FC-409B-A807-0333963503D6,E68FEA3A-29B3-4586-B8AF-86F785A08410,2022,Burbank,NORTH HIGHWAY 09,OTTER TAIL,5/19/2022,6/10/2022,9/10/2022,9/27/2022,9/27/2022
6F782411-285E-4AA5-A99C-4C206B7FF7DF,BD49F928-763A-493B-B0E0-4717B7656A52,2021,Burbank,SW TRAIL 01,OTTER TAIL,4/29/2021,,,9/12/2021,9/15/2021
6F92D424-4C2C-45E5-BFDF-08525AC12365,09BB28C6-0770-4169-B9B6-DE29B4BD4D9A,2022,Burbank,BIG LAKE 05,OTTER TAIL,5/7/2022,6/4/2022,9/2/2022,9/9/2022,9/13/2022
70508BA1-CE0D-4ED6-97DF-BEB8B391FBF9,E68FEA3A-29B3-4586-B8AF-86F785A08410,2022,Umatilla,SE GREEN 08,OTTER TAIL,5/10/2022,6/4/2022,9/6/2022,9/21/2022,9/21/2022
707CEC2B-A3B1-4B31-8695-0547E4372752,09BB28C6-0770-4169-B9B6-DE29B4BD4D9A,2022,Umatilla,NORTH GRAVEL 05,OTTER TAIL,5/11/2022,6/4/2022,9/24/2022,10/2/2022,10/2/2022
70F19BF0-51EF-4FD0-AFCD-715EA041B5BC,09BB28C6-0770-4169-B9B6-DE29B4BD4D9A,2022,Alpine,OUTER SANDY 02,OTTER TAIL,5/17/2022,6/12/2022,9/20/2022,9/27/2022,9/28/2022
7170A867-D8BA-4166-AA05-D57D4B0EC176,A4924DF7-8154-4619-8F6A-CA76A039A012,2023,Umatilla,NORTH ROLLER 01,WADENA,5/4/2023,5/28/2023,,,
7194749B-600F-4414-BC57-996FA9AB8BEB,73A1A160-7670-4F16-9C49-19CA2D35B913,2021,Umatilla,SMALL BLOCK 06,POPE,5/3/2021,5/30/2021,,9/7/2021,10/12/2021
7247310C-F7FA-4E2E-B868-6520C520CF11,4360211F-C7BD-4CC1-BB16-E17074409130,2021,Burbank,NE HOMEPLACE 05,OTTER TAIL,4/22/2021,5/25/2021,9/4/2021,8/25/2021,9/13/2021
7271F505-A262-4420-87D8-6DD3DFB64F4A,BB66CAEB-1096-49C4-B8EA-B32E93797613,2022,Burbank,ROUND YELLOW 02,MORRISON,5/5/2022,6/3/2022,9/12/2022,9/27/2022,10/3/2022
732F22CE-6103-41F6-B750-297248EA6407,09BB28C6-0770-4169-B9B6-DE29B4BD4D9A,2022,Alpine,NORTH COUNTRY 02,OTTER TAIL,5/15/2022,6/11/2022,9/19/2022,9/26/2022,9/27/2022
73428715-2EBC-491A-A910-1EEE14ABA1FE,BD49F928-763A-493B-B0E0-4717B7656A52,2023,Burbank,NE ROLLER 07,OTTER TAIL,5/18/2023,6/8/2023,,,
73DDF9A7-65D5-456E-9D76-64336E843542,4360211F-C7BD-4CC1-BB16-E17074409130,2023,Umatilla,NE SANDY 03,WADENA,5/5/2023,5/29/2023,,,
73F8654A-7945-496B-A157-A6391E8A9FAF,E68FEA3A-29B3-4586-B8AF-86F785A08410,2022,Burbank,LITTLE TRAIL 03,OTTER TAIL,5/19/2022,6/10/2022,9/24/2022,10/2/2022,10/3/2022
744C00AA-787E-4D60-9329-35ED5006620A,A4924DF7-8154-4619-8F6A-CA76A039A012,2022,Burbank,NORTH YELLOW 02,HUBBARD,5/7/2022,6/1/2022,9/7/2022,9/14/2022,9/17/2022
747A9884-A795-427C-A33D-0B99AD0FACC1,B537F74D-0151-4539-A311-A6C4B35439C0,2022,Umatilla,SW ZIMMATIC 01,WADENA,5/14/2022,6/3/2022,9/22/2022,10/6/2022,10/6/2022
74F617A4-0F3C-45C0-8CF7-A2308BB30593,A7FD485C-0D02-43D7-AD52-AD5E337E55C5,2021,Burbank,SOUTH BLOCK 06,TODD,5/2/2021,5/26/2021,9/13/2021,9/28/2021,9/29/2021
75032164-6A44-409C-8259-8A39366917DC,A4924DF7-8154-4619-8F6A-CA76A039A012,2022,Alturas,NE GRAVEL 09,HUBBARD,5/18/2022,,,10/9/2022,10/10/2022
752B9F46-DE01-4231-B9D9-81D6AEDC4814,4360211F-C7BD-4CC1-BB16-E17074409130,2021,Umatilla,WEST TRAIL 03,WADENA,4/25/2021,5/25/2021,9/17/2021,9/24/2021,9/25/2021
774C5158-D791-4373-A290-55B5C1918392,B537F74D-0151-4539-A311-A6C4B35439C0,2023,Burbank,ROUND BARN 03,WADENA,5/15/2023,6/4/2023,,,
777EE83B-E174-4157-9AAA-3AF6ACA1EF51,09BB28C6-0770-4169-B9B6-DE29B4BD4D9A,2023,Umatilla,BIG GRANDMA 09,BECKER,5/17/2023,6/5/2023,,,
7783778A-0F5F-4AB7-B087-80F340E715C0,A4924DF7-8154-4619-8F6A-CA76A039A012,2021,Burbank,SMALL ROCK 04,WADENA,4/28/2021,5/25/2021,9/3/2021,9/11/2021,9/12/2021
77B6A640-D85A-402D-B895-16C8C85C668D,BD49F928-763A-493B-B0E0-4717B7656A52,2021,Burbank,BIG TRAIL 03,OTTER TAIL,5/1/2021,,,9/21/2021,9/22/2021
77BE98B3-58C3-4C40-AB36-B98A6A4B497D,BD49F928-763A-493B-B0E0-4717B7656A52,2021,Burbank,NE TRACK 05,OTTER TAIL,4/23/2021,,,9/17/2021,9/17/2021
78D25A20-23F2-4669-B28F-4B5A1DC89A0F,C8655B27-A850-46E8-AB4F-F68E5803E635,2022,Burbank,LITTLE LAKE 09,BECKER,5/18/2022,6/9/2022,,9/21/2022,9/22/2022
78E5D7D1-AACE-46A4-A336-5C4E33F70497,4360211F-C7BD-4CC1-BB16-E17074409130,2022,Burbank,SOUTH TRACK 03,TODD,5/16/2022,6/10/2022,,9/9/2022,9/29/2022
7963F7A2-EAC3-4188-BDD9-B47E1E18D4A5,A4924DF7-8154-4619-8F6A-CA76A039A012,2021,Burbank,SE GRAVEL 06,HUBBARD,4/27/2021,5/26/2021,9/5/2021,9/21/2021,9/22/2021
79CD6E7B-E0C8-41B7-9BD8-0064A042ACC5,4360211F-C7BD-4CC1-BB16-E17074409130,2023,Burbank,NW GRANDMA 10,WADENA,5/6/2023,5/30/2023,,,
7A5253A3-DAE8-4E40-9204-FD1DA941A632,09BB28C6-0770-4169-B9B6-DE29B4BD4D9A,2023,Umatilla,SE GRANDAD 05,OTTER TAIL,5/16/2023,6/5/2023,,,
7A6C3B07-8447-4CC4-B396-DED50C8F7852,09BB28C6-0770-4169-B9B6-DE29B4BD4D9A,2021,Ivory Russet,EAST VALLEY 01,OTTER TAIL,4/24/2021,5/26/2021,8/23/2021,9/8/2021,9/9/2021
7AC383CF-24D3-477E-B40E-8C5B0054F032,A4924DF7-8154-4619-8F6A-CA76A039A012,2022,Burbank,ROUND BLUE 03,HUBBARD,5/6/2022,5/30/2022,9/7/2022,9/23/2022,9/26/2022
7C400544-9B08-482F-B261-C91C4D39A059,BB66CAEB-1096-49C4-B8EA-B32E93797613,2021,Burbank,WEST ROCK 07,MORRISON,4/17/2021,5/22/2021,9/9/2021,9/18/2021,9/25/2021
7C40E693-2F30-45E4-8C6C-406972C995E1,09BB28C6-0770-4169-B9B6-DE29B4BD4D9A,2022,Umatilla,SE ROCK 05,OTTER TAIL,5/15/2022,6/8/2022,9/25/2022,10/2/2022,10/3/2022
7C982FCC-CAAE-425F-BB43-54E7D2D38910,A4924DF7-8154-4619-8F6A-CA76A039A012,2021,Burbank,NE ROLLER 05,HUBBARD,4/25/2021,5/23/2021,9/6/2021,8/25/2021,9/23/2021
7CC63749-6E4E-446A-9FA4-4C3B00398216,C8655B27-A850-46E8-AB4F-F68E5803E635,2023,Umatilla,BIG ROCK 10,BECKER,5/6/2023,6/1/2023,,,
7D153141-15E8-4A70-9E5D-51DB2C8DA698,4360211F-C7BD-4CC1-BB16-E17074409130,2021,Burbank,OUTER COUNTRY 10,OTTER TAIL,5/1/2021,5/28/2021,8/31/2021,8/25/2021,9/11/2021
7D235221-0549-4FCC-83C2-E974008DC1E4,E68FEA3A-29B3-4586-B8AF-86F785A08410,2021,Umatilla,NE VALLEY 06,OTTER TAIL,4/28/2021,5/26/2021,9/11/2021,9/22/2021,9/23/2021
7D3FD5EE-2B96-4CE3-A641-653DBA28FF53,C8655B27-A850-46E8-AB4F-F68E5803E635,2022,Burbank,SE GRAVEL 09,BECKER,5/16/2022,6/9/2022,9/22/2022,10/3/2022,10/5/2022
7E277789-CE8E-43C5-BFFB-36FDEE3037D3,A4924DF7-8154-4619-8F6A-CA76A039A012,2022,Umatilla,OUTER YELLOW 09,BECKER,5/17/2022,6/14/2022,9/17/2022,9/25/2022,9/26/2022
7EB34E2C-5E24-4162-ADC5-76F0708A2C9D,A4924DF7-8154-4619-8F6A-CA76A039A012,2022,Burbank,OUTER GRANDMA 01,HUBBARD,5/15/2022,6/9/2022,9/9/2022,9/6/2022,10/11/2022
7EF2C969-3A58-4104-BE1D-A836EF930EB5,4360211F-C7BD-4CC1-BB16-E17074409130,2023,Umatilla,SOUTH BLOCK 03,WADENA,5/9/2023,5/31/2023,,,
7EFB5BB0-38CD-407D-B515-2D33A5E10CC6,BB66CAEB-1096-49C4-B8EA-B32E93797613,2021,Burbank,NW BLUE 02,MORRISON,4/19/2021,5/27/2021,8/30/2021,9/29/2021,9/30/2021
801C8EDB-71AC-4E73-876B-552B272F63E9,A4924DF7-8154-4619-8F6A-CA76A039A012,2022,Burbank,WEST BLUE 08,HUBBARD,5/6/2022,6/4/2022,8/31/2022,10/9/2022,10/9/2022
80B6D74F-0A0B-41EF-96B4-580A4056435E,4360211F-C7BD-4CC1-BB16-E17074409130,2021,Burbank,SOUTH HILL 09,OTTER TAIL,4/25/2021,5/25/2021,9/22/2021,8/25/2021,10/5/2021
810F981A-173B-4AC5-8B5D-660B9E69B90B,09BB28C6-0770-4169-B9B6-DE29B4BD4D9A,2023,Umatilla,LITTLE BLUE 07,OTTER TAIL,5/14/2023,6/4/2023,,,
8170F2D9-899D-4A99-88D1-3E282CBBA3EE,09BB28C6-0770-4169-B9B6-DE29B4BD4D9A,2021,Umatilla,LITTLE TOWN 05,OTTER TAIL,4/29/2021,5/25/2021,9/12/2021,9/20/2021,9/21/2021
82846C17-729E-4E03-A634-CFF218378720,BD49F928-763A-493B-B0E0-4717B7656A52,2023,Burbank,NORTH ZIMMATIC 08,DOUGLAS,5/16/2023,,,,
82E315E1-FCEA-40D0-B6A8-95A9DC6681B2,A4924DF7-8154-4619-8F6A-CA76A039A012,2022,Burbank,NE ROLLER 06,HUBBARD,5/11/2022,6/8/2022,,9/28/2022,10/7/2022
82E5F4E9-560E-4735-B284-0EB49DE01C6E,B537F74D-0151-4539-A311-A6C4B35439C0,2021,Umatilla,EAST HIGHWAY 08,WADENA,4/28/2021,5/24/2021,9/15/2021,9/22/2021,9/23/2021
83934075-0037-400C-864A-F519D6120CB2,A7FD485C-0D02-43D7-AD52-AD5E337E55C5,2021,Burbank,ROUND GRANDAD 02,TODD,4/28/2021,5/26/2021,8/31/2021,9/8/2021,9/16/2021
83F4E751-94DB-4F46-AA80-6790EE6F7FE8,B537F74D-0151-4539-A311-A6C4B35439C0,2021,Burbank,LITTLE GRAVEL 05,CROW WING,4/22/2021,5/23/2021,,9/11/2021,9/13/2021
843C61C5-E0EA-46C7-82B5-FF0DDA5A34DB,BD49F928-763A-493B-B0E0-4717B7656A52,2023,Burbank,OUTER TRACK 04,OTTER TAIL,5/19/2023,6/8/2023,,,
84BA3231-9FC4-4889-B151-93B2A42A835B,A4924DF7-8154-4619-8F6A-CA76A039A012,2022,Burbank,NE LAKE 10,HUBBARD,5/6/2022,5/31/2022,8/31/2022,9/21/2022,9/23/2022
84FF5E3F-AC54-43A1-BEBD-1C336A9AA3B6,A4924DF7-8154-4619-8F6A-CA76A039A012,2021,Burbank,SOUTH HILL 03,HUBBARD,4/25/2021,5/24/2021,9/6/2021,8/25/2021,9/15/2021
858784E6-4F72-4B90-A332-C1EE97AD79C2,4360211F-C7BD-4CC1-BB16-E17074409130,2022,Umatilla,SOUTH GREEN 07,WADENA,5/11/2022,6/5/2022,9/12/2022,9/25/2022,9/26/2022
85EC3A53-C0C1-4DBE-A670-8B85DDAEEC29,E68FEA3A-29B3-4586-B8AF-86F785A08410,2022,Burbank,SOUTH VALLEY 04,OTTER TAIL,5/6/2022,6/4/2022,9/2/2022,9/9/2022,9/21/2022
8606572A-931E-43AA-94A8-59F97C4F0579,4360211F-C7BD-4CC1-BB16-E17074409130,2021,Burbank,LITTLE GRANDMA 09,TODD,4/24/2021,5/25/2021,9/9/2021,8/26/2021,9/18/2021
86119D36-9A61-433E-9FF6-F118DF185E09,73A1A160-7670-4F16-9C49-19CA2D35B913,2021,Burbank,NW TRAIL 07,POPE,4/29/2021,5/26/2021,,9/15/2021,9/26/2021
863ECF98-348C-4E04-B0AF-5666DC5E311E,09BB28C6-0770-4169-B9B6-DE29B4BD4D9A,2021,Burbank,EAST BLOCK 05,OTTER TAIL,5/2/2021,5/29/2021,9/1/2021,8/31/2021,9/15/2021
867424C5-04B7-4CFA-9B98-AA18929DD73E,4360211F-C7BD-4CC1-BB16-E17074409130,2022,Burbank,SOUTH GREEN 01,WADENA,5/6/2022,6/3/2022,9/27/2022,10/9/2022,10/9/2022
868E5DEF-9275-4D2B-A702-27EF4424A97B,A7FD485C-0D02-43D7-AD52-AD5E337E55C5,2022,Burbank,SW GRANDMA 02,TODD,5/7/2022,5/30/2022,9/9/2022,9/26/2022,9/27/2022
873326AC-9B2B-40CA-B32E-43A94FDE4698,C8655B27-A850-46E8-AB4F-F68E5803E635,2023,Umatilla,NORTH ROCK 09,BECKER,5/16/2023,6/8/2023,,,
874C9534-64F5-4B72-942D-2835C4E553F9,A4924DF7-8154-4619-8F6A-CA76A039A012,2022,Burbank,ROUND TREE 02,HUBBARD,5/7/2022,6/1/2022,9/7/2022,9/14/2022,9/16/2022
8789072C-6EB3-41C9-AAB8-1F37BC3F6F3F,BB66CAEB-1096-49C4-B8EA-B32E93797613,2023,Burbank,WEST TOWN 03,MORRISON,5/2/2023,5/26/2023,,,
87A5DF18-BE39-4FDE-A8EB-3D39CD1CE895,C8655B27-A850-46E8-AB4F-F68E5803E635,2022,Burbank,LITTLE ZIMMATIC 08,BECKER,5/18/2022,6/13/2022,,9/24/2022,9/29/2022
8805EB29-ECC3-4D09-81AE-572ECBA6E099,A4924DF7-8154-4619-8F6A-CA76A039A012,2022,Burbank,SOUTH TRACK 06,HUBBARD,5/7/2022,6/1/2022,9/7/2022,10/8/2022,10/9/2022
883415C8-F203-48E3-ACBD-D17927C67466,BB66CAEB-1096-49C4-B8EA-B32E93797613,2022,Burbank,SMALL BLUE 02,MORRISON,5/5/2022,6/3/2022,9/21/2022,10/9/2022,10/10/2022
88397F06-7E9D-47AA-8B9B-49D544111146,C8655B27-A850-46E8-AB4F-F68E5803E635,2021,Burbank,OUTER GREEN 02,BECKER,4/29/2021,5/24/2021,,8/20/2021,9/1/2021
8A593B12-62F6-4B0A-BFA2-BDAB4BDD8140,A4924DF7-8154-4619-8F6A-CA76A039A012,2023,Burbank,WEST GRAVEL 10,HUBBARD,5/4/2023,5/27/2023,,,
8A844415-1F89-4F5B-8ECE-BBE68DC9AFB5,B537F74D-0151-4539-A311-A6C4B35439C0,2023,Umatilla,LITTLE TRAIL 10,WADENA,5/9/2023,5/30/2023,,,
8B1F20F2-3B9B-4763-BBEB-6769A85ED9F7,A4924DF7-8154-4619-8F6A-CA76A039A012,2022,Umatilla,EAST TREE 08,BECKER,5/16/2022,6/14/2022,9/20/2022,9/19/2022,10/7/2022
8B95D453-90A8-44F8-A652-B5F9112E3EC6,A4924DF7-8154-4619-8F6A-CA76A039A012,2023,Burbank,OUTER VALLEY 06,CASS,5/12/2023,6/3/2023,,,
8BBA4A3A-CDE9-4863-9955-A0E238B9BA77,A4924DF7-8154-4619-8F6A-CA76A039A012,2022,Burbank,ROUND GRANDMA 07,HUBBARD,5/7/2022,6/2/2022,9/22/2022,9/8/2022,10/9/2022
8D82C7E8-5157-4E6D-988D-58BBA2975127,A4924DF7-8154-4619-8F6A-CA76A039A012,2021,Burbank,WEST TOWN 09,HUBBARD,4/27/2021,5/25/2021,9/15/2021,9/22/2021,9/23/2021
8E2368DB-3B6F-436E-B619-49B946AAF843,A4924DF7-8154-4619-8F6A-CA76A039A012,2022,Burbank,NW HIGHWAY 06,BECKER,5/7/2022,5/29/2022,8/31/2022,9/26/2022,9/27/2022
8EE7593E-8F1D-4FC7-A9DF-46243730985A,C8655B27-A850-46E8-AB4F-F68E5803E635,2021,Umatilla,NORTH VALLEY 04,BECKER,5/1/2021,5/27/2021,9/9/2021,9/14/2021,9/15/2021
8F16E4FB-AD6C-4499-9E25-6DE48686D638,4C640EC5-A72F-403B-90C4-F02FA4F10803,2021,Burbank,NE GRAVEL 05,OTTER TAIL,5/1/2021,5/26/2021,9/17/2021,9/26/2021,9/27/2021
8F72ABAB-EB87-49DC-8A7C-5BC245A54F83,BD49F928-763A-493B-B0E0-4717B7656A52,2022,Burbank,BIG BLOCK 04,OTTER TAIL,5/6/2022,6/2/2022,,9/29/2022,9/30/2022
8FB06497-B17F-478B-9DBA-DB0F70D0657F,BD49F928-763A-493B-B0E0-4717B7656A52,2022,Burbank,SE HIGHWAY 05,DOUGLAS,5/18/2022,6/10/2022,,10/5/2022,10/6/2022
8FEB46C3-9DBC-456B-A12C-449E9F5A5BED,A4924DF7-8154-4619-8F6A-CA76A039A012,2021,Burbank,SW GRANDAD 08,HUBBARD,4/27/2021,5/25/2021,9/17/2021,9/23/2021,9/23/2021
8FFA8FC3-DFB9-4071-A042-76C7F32EAE75,73A1A160-7670-4F16-9C49-19CA2D35B913,2022,Burbank,ROUND GRANDAD 07,POPE,5/21/2022,6/13/2022,,9/22/2022,9/23/2022
90322361-F862-4450-B2B6-8E295EC82E2B,E68FEA3A-29B3-4586-B8AF-86F785A08410,2021,Burbank,ROUND TREE 05,OTTER TAIL,4/30/2021,5/26/2021,8/25/2021,8/25/2021,9/11/2021
9077DD82-35F7-494B-AB84-36A91E0CFA31,09BB28C6-0770-4169-B9B6-DE29B4BD4D9A,2021,Alpine,BIG ZIMMATIC 08,OTTER TAIL,4/25/2021,5/26/2021,9/6/2021,9/23/2021,9/25/2021
90E4B74D-9037-4202-BEE3-880F65958F87,E68FEA3A-29B3-4586-B8AF-86F785A08410,2021,Ivory Russet,BIG ROCK 07,OTTER TAIL,4/23/2021,5/26/2021,8/19/2021,9/7/2021,9/11/2021
910C6C9E-A85A-46BA-86B8-C19ACE3620C9,E68FEA3A-29B3-4586-B8AF-86F785A08410,2022,Burbank,OUTER TRACK 02,OTTER TAIL,5/20/2022,6/11/2022,,9/24/2022,9/26/2022
914C79BC-7608-40C0-9FBE-318DEA59F239,A4924DF7-8154-4619-8F6A-CA76A039A012,2023,Burbank,LITTLE TRAIL 02,HUBBARD,5/6/2023,5/28/2023,,,
919617AB-1B2B-434D-85B9-9634D6B634AA,A4924DF7-8154-4619-8F6A-CA76A039A012,2022,Burbank,ROUND ZIMMATIC 02,WADENA,5/7/2022,5/30/2022,8/31/2022,9/12/2022,9/14/2022
92321684-7992-4BF6-B26C-D7506D8AAE89,09BB28C6-0770-4169-B9B6-DE29B4BD4D9A,2022,Burbank,NORTH BLUE 02,OTTER TAIL,5/17/2022,6/8/2022,9/8/2022,9/21/2022,9/24/2022
9272D9A4-1DB6-4CC9-BAE4-64484FD6F594,A4924DF7-8154-4619-8F6A-CA76A039A012,2023,Burbank,BIG ROLLER 05,CASS,5/14/2023,6/6/2023,,,
92BAC917-9EFA-4980-B379-E5731F1C6C21,09BB28C6-0770-4169-B9B6-DE29B4BD4D9A,2021,Burbank,NORTH TRAIL 01,OTTER TAIL,5/3/2021,5/26/2021,9/6/2021,8/31/2021,9/17/2021
936790CF-5F1A-4C67-992F-8FAFCA4B60ED,09BB28C6-0770-4169-B9B6-DE29B4BD4D9A,2022,Burbank,SW HIGHWAY 10,OTTER TAIL,5/7/2022,6/4/2022,9/2/2022,9/13/2022,9/14/2022
93C5B8D7-5E32-43AC-9300-4B7236A3D8A7,A7FD485C-0D02-43D7-AD52-AD5E337E55C5,2021,Burbank,SW BARN 05,TODD,4/22/2021,5/26/2021,9/5/2021,9/26/2021,9/27/2021
93E95FA2-772F-443E-BBF7-DF15D1005CA4,C8655B27-A850-46E8-AB4F-F68E5803E635,2023,Umatilla,NORTH TRAIL 04,BECKER,5/16/2023,6/6/2023,,,
94865997-5CFB-4B42-A2A9-D7E773818B8F,73A1A160-7670-4F16-9C49-19CA2D35B913,2021,Burbank,SOUTH ROLLER 02,STEARNS,4/24/2021,5/25/2021,,9/7/2021,9/9/2021
94DD0DFD-730F-4E14-9ED7-A11954CC6990,A4924DF7-8154-4619-8F6A-CA76A039A012,2021,Burbank,SE HIGHWAY 09,HUBBARD,5/1/2021,5/25/2021,9/13/2021,9/30/2021,10/2/2021
951F8941-2C85-4D6B-A547-90F5AC08A6C6,09BB28C6-0770-4169-B9B6-DE29B4BD4D9A,2022,Umatilla,SE COUNTRY 08,OTTER TAIL,5/16/2022,6/7/2022,9/22/2022,9/30/2022,9/30/2022
95955ECD-C4AC-48C4-AE3A-376C02F36340,09BB28C6-0770-4169-B9B6-DE29B4BD4D9A,2023,Umatilla,BIG TRAIL 09,OTTER TAIL,5/9/2023,6/1/2023,,,
95A9AD2F-EEBA-446F-B219-82F1BAF21E1E,A4924DF7-8154-4619-8F6A-CA76A039A012,2021,Burbank,NW TREE 09,HUBBARD,4/28/2021,5/24/2021,9/17/2021,9/29/2021,9/29/2021
964A9402-5FD5-42F5-ACD1-128095BA70C6,A4924DF7-8154-4619-8F6A-CA76A039A012,2021,Burbank,NW BLUE 09,HUBBARD,4/28/2021,5/24/2021,9/17/2021,9/29/2021,9/30/2021
9710288B-83A5-4700-8CFB-9116F5F36638,C8655B27-A850-46E8-AB4F-F68E5803E635,2022,Umatilla,EAST ROCK 06,BECKER,5/17/2022,6/10/2022,9/19/2022,10/3/2022,10/4/2022
97B42638-23DC-45A4-AAEB-1EF95CA483D8,A4924DF7-8154-4619-8F6A-CA76A039A012,2023,Burbank,WEST HILL 01,CASS,5/13/2023,6/6/2023,,,
98372F4B-3168-4A6A-B413-9170D1465555,A4924DF7-8154-4619-8F6A-CA76A039A012,2022,Umatilla,SOUTH GRANDAD 02,HUBBARD,5/14/2022,6/10/2022,,9/30/2022,10/2/2022
9859E384-7D0C-4669-BC18-52452C21CE3B,73A1A160-7670-4F16-9C49-19CA2D35B913,2023,Burbank,NORTH TREE 05,POPE,5/10/2023,6/1/2023,,,
99129F48-E56F-44C8-A4F2-4DFE04822C2B,73A1A160-7670-4F16-9C49-19CA2D35B913,2023,Burbank,WEST HILL 10,STEARNS,5/11/2023,6/1/2023,,,
9963D944-40AF-463E-9B7D-A9D249AC8ADF,E68FEA3A-29B3-4586-B8AF-86F785A08410,2022,Umatilla,LITTLE GRAVEL 01,OTTER TAIL,5/7/2022,6/3/2022,,9/25/2022,9/25/2022
99658080-F257-4B06-8375-8BD11BA3B279,73A1A160-7670-4F16-9C49-19CA2D35B913,2022,Burbank,SOUTH ROCK 07,POPE,5/19/2022,6/12/2022,9/19/2022,10/3/2022,10/4/2022
999E3CE1-0B84-44AF-90EF-CCCD3B6BECE7,B537F74D-0151-4539-A311-A6C4B35439C0,2021,Burbank,BIG TREE 07,WADENA,4/30/2021,5/28/2021,9/21/2021,9/1/2021,9/29/2021
9A09EF78-3A8F-4093-820F-0154D855E1DA,09BB28C6-0770-4169-B9B6-DE29B4BD4D9A,2021,Alpine,SE BARN 08,OTTER TAIL,4/25/2021,5/29/2021,,9/25/2021,9/26/2021
9A3DC1E1-7C90-42EB-BFD3-D1A15688FEC9,BB66CAEB-1096-49C4-B8EA-B32E93797613,2021,Burbank,NORTH TRACK 06,MORRISON,4/19/2021,5/24/2021,9/7/2021,9/25/2021,9/28/2021
9A6A53C0-A391-429A-B9D1-24E72610CCDD,E68FEA3A-29B3-4586-B8AF-86F785A08410,2022,Umatilla,SMALL ZIMMATIC 08,OTTER TAIL,5/10/2022,6/4/2022,9/8/2022,9/21/2022,9/22/2022
9A7A9EDA-4F41-433A-8BB5-9A172DAF6524,09BB28C6-0770-4169-B9B6-DE29B4BD4D9A,2021,Burbank,NW TRAIL 09,OTTER TAIL,5/3/2021,5/26/2021,9/9/2021,8/31/2021,9/20/2021
9A9B56DE-61FE-4C93-8222-FA1FEB9DC2D6,4360211F-C7BD-4CC1-BB16-E17074409130,2022,Umatilla,SOUTH GREEN 09,WADENA,5/15/2022,6/5/2022,9/12/2022,9/30/2022,9/30/2022
9C1BE855-EF3A-4A3C-B489-0288DA864E82,4360211F-C7BD-4CC1-BB16-E17074409130,2022,Burbank,SMALL ROCK 03,OTTER TAIL,5/17/2022,6/12/2022,9/26/2022,10/3/2022,10/3/2022
9C292F8A-FDA8-44CE-B4FD-55117CFD011C,73A1A160-7670-4F16-9C49-19CA2D35B913,2023,Burbank,SMALL SANDY 10,POPE,5/17/2023,6/8/2023,,,
9C328B36-1DB3-4B3B-A012-E1CBDB875B83,A4924DF7-8154-4619-8F6A-CA76A039A012,2023,Burbank,NE SANDY 09,CASS,5/15/2023,6/6/2023,,,
9D0EB918-85DE-45A8-9141-60D12D817A01,09BB28C6-0770-4169-B9B6-DE29B4BD4D9A,2022,Umatilla,NORTH SANDY 10,OTTER TAIL,5/14/2022,6/7/2022,9/2/2022,9/12/2022,9/13/2022
9D5A915A-1DB5-4B84-BD1D-43157D606B6E,E68FEA3A-29B3-4586-B8AF-86F785A08410,2023,Umatilla,NORTH TREE 06,OTTER TAIL,5/9/2023,5/30/2023,,,
9FA22D81-02F9-4311-A429-16C526DE45A7,09BB28C6-0770-4169-B9B6-DE29B4BD4D9A,2021,Umatilla,LITTLE LAKE 05,OTTER TAIL,5/2/2021,5/26/2021,9/15/2021,9/22/2021,9/23/2021
A00B7AB4-D774-439C-A8C8-9B2BC8476861,BD49F928-763A-493B-B0E0-4717B7656A52,2023,Burbank,NW BARN 08,OTTER TAIL,5/8/2023,,,,
A015FACA-E430-4482-92B3-AA52FDEF0EA4,B537F74D-0151-4539-A311-A6C4B35439C0,2022,Burbank,SW BLUE 06,WADENA,5/15/2022,6/9/2022,9/22/2022,10/6/2022,10/7/2022
A078A796-43F7-460C-A4E8-C39B4325A40D,E68FEA3A-29B3-4586-B8AF-86F785A08410,2022,Umatilla,OUTER BLOCK 03,OTTER TAIL,5/11/2022,6/4/2022,9/10/2022,9/24/2022,9/25/2022
A07B6FA1-ED0E-4BAF-8DB0-27327040E4EB,A4924DF7-8154-4619-8F6A-CA76A039A012,2021,Umatilla,EAST VALLEY 02,HUBBARD,5/2/2021,5/30/2021,9/15/2021,9/22/2021,9/23/2021
A0860615-E886-46D2-8F44-D55E80A297A0,E68FEA3A-29B3-4586-B8AF-86F785A08410,2021,Umatilla,ROUND BLOCK 07,OTTER TAIL,4/28/2021,5/26/2021,9/12/2021,9/21/2021,9/22/2021
A0A5AD4B-F2F9-4C96-AF4E-18AC5ECF213C,A4924DF7-8154-4619-8F6A-CA76A039A012,2021,Burbank,ROUND VALLEY 02,HUBBARD,4/28/2021,5/25/2021,9/17/2021,9/28/2021,9/28/2021
A0FFE041-3F43-4054-B26A-257E6A1127AC,A4924DF7-8154-4619-8F6A-CA76A039A012,2023,Burbank,BIG TRACK 01,HUBBARD,5/6/2023,5/29/2023,,,
A16927E7-A162-4D73-9B34-51166A429FF9,09BB28C6-0770-4169-B9B6-DE29B4BD4D9A,2023,Burbank,SE LAKE 07,OTTER TAIL,5/17/2023,6/7/2023,,,
A17DF36F-F9EA-494E-832D-AF18C51833D6,A4924DF7-8154-4619-8F6A-CA76A039A012,2023,Umatilla,ROUND BLOCK 05,HUBBARD,5/5/2023,5/30/2023,,,
A19726B5-D2AE-4B88-8ECF-B99C2C65FDDA,09BB28C6-0770-4169-B9B6-DE29B4BD4D9A,2022,Clearwater,NW COUNTRY 09,OTTER TAIL,5/5/2022,6/4/2022,9/26/2022,10/5/2022,10/6/2022
A2AA17CD-1971-4627-8B1B-AEE199FD4351,73A1A160-7670-4F16-9C49-19CA2D35B913,2023,Burbank,NE SANDY 05,POPE,5/19/2023,6/10/2023,,,
A31F1D2D-1B2B-43E5-9132-DD49D720F89E,BB66CAEB-1096-49C4-B8EA-B32E93797613,2023,Burbank,OUTER TOWN 01,MORRISON,5/4/2023,5/28/2023,,,
A3438D8E-2726-4825-B42F-A25F4D6BD3F4,B537F74D-0151-4539-A311-A6C4B35439C0,2022,Umatilla,SE TRACK 09,WADENA,5/11/2022,6/2/2022,9/19/2022,10/4/2022,10/5/2022
A36893F8-813A-4D56-8D06-3DD0D0ED9C06,A4924DF7-8154-4619-8F6A-CA76A039A012,2022,Burbank,SE BARN 05,WADENA,5/5/2022,5/31/2022,8/31/2022,9/17/2022,9/18/2022
A45739FC-D92D-47BB-8E63-B0CE5FF33D55,4360211F-C7BD-4CC1-BB16-E17074409130,2022,Burbank,BIG ROLLER 10,WADENA,5/16/2022,6/10/2022,9/6/2022,9/22/2022,9/23/2022
A4E4836E-1F64-48C3-BB61-A4DFABF45B7C,A4924DF7-8154-4619-8F6A-CA76A039A012,2021,Burbank,NORTH TREE 03,WADENA,4/28/2021,5/24/2021,9/11/2021,9/14/2021,10/2/2021
A537AF38-0843-4254-ACC0-2B0206B1D408,A7FD485C-0D02-43D7-AD52-AD5E337E55C5,2022,Burbank,WEST TOWN 08,TODD,5/14/2022,6/3/2022,9/3/2022,9/12/2022,9/21/2022
A5983E2B-1169-44E3-B22A-03851A686ECB,BD49F928-763A-493B-B0E0-4717B7656A52,2022,Burbank,SOUTH LAKE 03,OTTER TAIL,5/6/2022,6/2/2022,,10/3/2022,10/5/2022
A61EF0D6-AB5A-4512-838F-54D7CADF069C,A4924DF7-8154-4619-8F6A-CA76A039A012,2022,Burbank,NORTH COUNTRY 03,HUBBARD,5/7/2022,6/6/2022,,9/8/2022,9/14/2022
A65C3221-D0AA-4301-8AF4-4C691A3C6AAB,C8655B27-A850-46E8-AB4F-F68E5803E635,2021,Burbank,SOUTH ROLLER 10,BECKER,4/29/2021,5/24/2021,9/5/2021,9/13/2021,9/20/2021
A66AF8EE-9A1E-4786-ABDD-99916DAD587B,A4924DF7-8154-4619-8F6A-CA76A039A012,2022,Burbank,ROUND GRANDMA 07,HUBBARD,5/7/2022,6/3/2022,9/22/2022,10/6/2022,10/8/2022
A679EDEB-2DC2-4F33-B305-7DA85397BAD0,A4924DF7-8154-4619-8F6A-CA76A039A012,2022,Burbank,NW GREEN 10,WADENA,5/5/2022,6/4/2022,,9/19/2022,9/20/2022
A68E4E48-F82C-444C-853F-69D634619440,73A1A160-7670-4F16-9C49-19CA2D35B913,2023,Burbank,SMALL HILL 10,POPE,5/16/2023,6/6/2023,,,
A69B0D0D-2F68-4618-BE41-9090A1554E61,A4924DF7-8154-4619-8F6A-CA76A039A012,2023,Burbank,NW SANDY 05,HUBBARD,5/2/2023,5/27/2023,,,
A69DC1E6-A490-41D6-9D97-8F37A03928FC,C8655B27-A850-46E8-AB4F-F68E5803E635,2023,Umatilla,SE ROLLER 03,HUBBARD,5/5/2023,5/31/2023,,,
A74A6FAF-6484-4E2E-8C32-5B183993C16B,B537F74D-0151-4539-A311-A6C4B35439C0,2023,Burbank,WEST HIGHWAY 09,WADENA,5/14/2023,6/3/2023,,,
A8C839EC-AC25-4257-9504-13C78867ECC3,09BB28C6-0770-4169-B9B6-DE29B4BD4D9A,2023,Umatilla,NW TRACK 08,OTTER TAIL,5/15/2023,6/5/2023,,,
A9159873-5F42-4ED8-B0C6-1DC14D807C1F,4360211F-C7BD-4CC1-BB16-E17074409130,2023,Umatilla,BIG GRAVEL 05,WADENA,5/13/2023,6/1/2023,,,
A9307614-9C13-4DB8-AD11-5544392B9AC9,A4924DF7-8154-4619-8F6A-CA76A039A012,2023,Burbank,SE GRANDMA 05,HUBBARD,5/18/2023,6/6/2023,,,
A9750D60-EDF4-42AD-AE7C-FF24D9BC4FB4,A4924DF7-8154-4619-8F6A-CA76A039A012,2021,Burbank,BIG LAKE 03,WADENA,4/22/2021,5/22/2021,8/23/2021,9/22/2021,9/22/2021
AA4FDA65-6D9C-4384-9671-95DBC586D94C,A4924DF7-8154-4619-8F6A-CA76A039A012,2021,Burbank,ROUND TREE 01,HUBBARD,4/25/2021,5/22/2021,9/14/2021,9/23/2021,9/24/2021
AA98CE94-7E25-4B49-84EF-ABFC44A1ABBD,A4924DF7-8154-4619-8F6A-CA76A039A012,2023,Burbank,NW YELLOW 06,HUBBARD,5/17/2023,6/10/2023,,,
AACEB49A-2308-4639-AD0C-9636053892AC,BD49F928-763A-493B-B0E0-4717B7656A52,2021,Burbank,WEST YELLOW 09,OTTER TAIL,5/2/2021,,,9/9/2021,9/10/2021
AB34EA4E-B397-4ABF-B3CE-81AD7F0676AB,C8655B27-A850-46E8-AB4F-F68E5803E635,2023,Ivory Russet,OUTER VALLEY 09,BECKER,5/17/2023,6/9/2023,,,
AB6B964D-02E1-4E4F-A182-5B71B9FAC209,4360211F-C7BD-4CC1-BB16-E17074409130,2022,Burbank,SMALL HOMEPLACE 05,WADENA,5/16/2022,6/7/2022,9/6/2022,9/23/2022,9/25/2022
ABDFC7C0-BC8E-49B8-8136-2F8B4E53A2BF,A4924DF7-8154-4619-8F6A-CA76A039A012,2021,Burbank,EAST YELLOW 10,HUBBARD,4/24/2021,5/22/2021,8/30/2021,9/7/2021,9/11/2021
AC3D8EF1-4D5F-4ED0-8B0A-4A57CD57D6C0,4360211F-C7BD-4CC1-BB16-E17074409130,2023,Dakota Russet,OUTER GRAVEL 09,OTTER TAIL,5/16/2023,6/7/2023,,,
ACB7560C-2838-4C1D-9569-23198E621EC8,BD49F928-763A-493B-B0E0-4717B7656A52,2021,Burbank,ROUND ROCK 05,OTTER TAIL,5/2/2021,5/29/2021,9/9/2021,9/16/2021,9/17/2021
ADF2899B-141E-47E6-A407-24821F9A5268,4360211F-C7BD-4CC1-BB16-E17074409130,2021,Burbank,OUTER BLUE 06,OTTER TAIL,4/22/2021,5/24/2021,9/22/2021,8/25/2021,10/6/2021
AE512B3E-29E0-44ED-B357-5290703AF4A9,C8655B27-A850-46E8-AB4F-F68E5803E635,2023,Umatilla,OUTER HIGHWAY 08,BECKER,5/16/2023,6/8/2023,,,
AE617946-91B7-415F-9682-659229E1ACF5,C8655B27-A850-46E8-AB4F-F68E5803E635,2021,Umatilla,ROUND HIGHWAY 10,BECKER,5/1/2021,5/28/2021,9/8/2021,9/15/2021,9/19/2021
AF7E4683-CF13-45FD-9583-BD1576C79D44,B537F74D-0151-4539-A311-A6C4B35439C0,2023,Dakota Russet,EAST TREE 03,WADENA,5/14/2023,6/2/2023,,,
AFD321B1-F630-44C6-9238-CDC6C092E61B,E68FEA3A-29B3-4586-B8AF-86F785A08410,2021,Burbank,NE HILL 07,OTTER TAIL,4/30/2021,5/26/2021,8/31/2021,8/25/2021,9/13/2021
B0AC45F3-422C-414A-A32D-BA53381DDDF8,A4924DF7-8154-4619-8F6A-CA76A039A012,2023,Alturas,SW BLOCK 06,HUBBARD,5/12/2023,6/6/2023,,,
B114B7C6-4420-46B3-9F99-A2A03950CD4A,09BB28C6-0770-4169-B9B6-DE29B4BD4D9A,2023,Burbank,NW BARN 05,OTTER TAIL,5/16/2023,6/6/2023,,,
B140650A-72CA-4635-AA3E-38068341331D,A4924DF7-8154-4619-8F6A-CA76A039A012,2021,Burbank,NE ROLLER 02,BECKER,4/29/2021,5/26/2021,9/5/2021,9/18/2021,9/21/2021
B18DF6DC-7744-418C-A85B-55BC82E47837,4360211F-C7BD-4CC1-BB16-E17074409130,2023,Umatilla,SOUTH BARN 04,WADENA,5/6/2023,5/30/2023,,,
B1FB7E81-E5A5-4461-82E7-004736BA64F7,73A1A160-7670-4F16-9C49-19CA2D35B913,2023,Burbank,NORTH GREEN 05,POPE,5/8/2023,5/30/2023,,,
B23E26A5-0E9D-428F-BDB3-F17A158F36FC,E68FEA3A-29B3-4586-B8AF-86F785A08410,2023,Burbank,NW BLUE 07,OTTER TAIL,5/17/2023,6/7/2023,,,
B2E81090-7A74-4E58-BD62-3030E4080259,B537F74D-0151-4539-A311-A6C4B35439C0,2023,Umatilla,NW ROLLER 04,WADENA,5/12/2023,6/1/2023,,,
B39523A5-8840-4831-9241-D62C74F405C6,A4924DF7-8154-4619-8F6A-CA76A039A012,2021,Burbank,ROUND VALLEY 03,WADENA,5/4/2021,5/27/2021,9/1/2021,9/21/2021,9/22/2021
B48F4558-9E49-4462-8BC8-B3B11076E51D,4360211F-C7BD-4CC1-BB16-E17074409130,2021,Umatilla,OUTER YELLOW 10,WADENA,4/28/2021,5/25/2021,9/17/2021,9/25/2021,9/26/2021
B50EDB37-0353-45F3-9586-864C55D4B98E,E68FEA3A-29B3-4586-B8AF-86F785A08410,2021,Burbank,BIG BLOCK 08,OTTER TAIL,5/3/2021,5/26/2021,,8/31/2021,9/13/2021
B51E6389-9C7F-4539-BE77-47DA00C83BD7,A4924DF7-8154-4619-8F6A-CA76A039A012,2021,Burbank,NE HOMEPLACE 08,HUBBARD,4/28/2021,5/26/2021,9/15/2021,9/22/2021,9/22/2021
B57A5592-87D2-43D0-809A-41494703BFF0,09BB28C6-0770-4169-B9B6-DE29B4BD4D9A,2022,Burbank,SE GREEN 10,OTTER TAIL,5/7/2022,5/31/2022,9/6/2022,9/18/2022,9/20/2022
B592DBEA-C5F5-4945-B015-629F455B356F,A4924DF7-8154-4619-8F6A-CA76A039A012,2022,Burbank,EAST LAKE 04,HUBBARD,5/11/2022,6/6/2022,8/31/2022,9/22/2022,9/23/2022
B5DFA1D1-7BE9-488C-B677-A3ABCB8D5A38,BD49F928-763A-493B-B0E0-4717B7656A52,2023,Burbank,SE COUNTRY 05,OTTER TAIL,5/16/2023,,,,
B6E1D69E-D771-4639-B393-71AA28824B70,BD49F928-763A-493B-B0E0-4717B7656A52,2021,Burbank,NORTH SANDY 05,OTTER TAIL,4/29/2021,,,9/10/2021,9/12/2021
B7BB73F8-84C2-426F-B863-81CE18918663,73A1A160-7670-4F16-9C49-19CA2D35B913,2021,Burbank,ROUND GREEN 02,STEARNS,5/2/2021,5/25/2021,9/16/2021,9/26/2021,9/28/2021
B7CA5A86-C320-420D-918D-FE39FE10E97D,A4924DF7-8154-4619-8F6A-CA76A039A012,2023,Umatilla,SOUTH HIGHWAY 04,HUBBARD,5/18/2023,6/10/2023,,,
B7F8BEB2-D39D-48FD-9E1E-D74E46071919,A4924DF7-8154-4619-8F6A-CA76A039A012,2021,Burbank,SE TREE 05,HUBBARD,4/22/2021,5/22/2021,8/30/2021,9/23/2021,9/24/2021
B83E3710-A19D-4358-B8CD-F792E6A0F3DA,B537F74D-0151-4539-A311-A6C4B35439C0,2023,Dakota Russet,SW YELLOW 09,WADENA,5/14/2023,6/4/2023,,,
B85CE798-0868-452D-B74F-75C94F6E65A7,09BB28C6-0770-4169-B9B6-DE29B4BD4D9A,2021,Burbank,SMALL GRANDAD 07,OTTER TAIL,5/1/2021,5/28/2021,9/15/2021,8/26/2021,10/1/2021
B8BB4A80-6EF8-49A5-88D6-6ECBA33F47D4,A4924DF7-8154-4619-8F6A-CA76A039A012,2023,Umatilla,LITTLE HILL 09,HUBBARD,5/14/2023,6/7/2023,,,
B9955DE1-719B-494C-90EC-4425F6E53BA9,B537F74D-0151-4539-A311-A6C4B35439C0,2022,Burbank,EAST YELLOW 05,WADENA,5/15/2022,6/9/2022,9/22/2022,10/7/2022,10/7/2022
B9BAC66E-D374-42BD-AD2D-E56167B3F330,09BB28C6-0770-4169-B9B6-DE29B4BD4D9A,2022,Umatilla,SMALL BARN 09,OTTER TAIL,5/6/2022,6/2/2022,,9/19/2022,9/27/2022
B9EAE5EF-109B-4776-A240-6B2740F36BB3,73A1A160-7670-4F16-9C49-19CA2D35B913,2022,Burbank,ROUND TRACK 03,POPE,5/22/2022,6/14/2022,9/20/2022,10/4/2022,10/6/2022
BA16A6DC-4892-47BD-B7AA-B791DDAE69A3,B537F74D-0151-4539-A311-A6C4B35439C0,2023,Umatilla,SE LAKE 09,WADENA,5/9/2023,5/30/2023,,,
BB76F9B2-B0CD-4583-982A-4C9218CDAF45,A4924DF7-8154-4619-8F6A-CA76A039A012,2022,Burbank,BIG GRANDAD 05,CASS,5/18/2022,6/12/2022,,9/23/2022,10/5/2022
BCE6A54B-F24A-4DEF-8085-48D4ADFFEAAA,A4924DF7-8154-4619-8F6A-CA76A039A012,2022,Burbank,NW VALLEY 02,HUBBARD,5/11/2022,6/12/2022,,9/8/2022,10/1/2022
BD3AC52F-4AB0-4BCC-A4D4-4B7BC258A114,09BB28C6-0770-4169-B9B6-DE29B4BD4D9A,2022,Umatilla,BIG TOWN 01,OTTER TAIL,5/7/2022,6/2/2022,9/18/2022,9/26/2022,9/27/2022
BD4CBEED-BC45-47B8-A62A-83B89E50E04B,B537F74D-0151-4539-A311-A6C4B35439C0,2022,Umatilla,LITTLE TRACK 06,WADENA,5/11/2022,6/3/2022,9/22/2022,10/5/2022,10/6/2022
BE60CF68-F425-435F-9A22-686B290E7B3D,09BB28C6-0770-4169-B9B6-DE29B4BD4D9A,2023,Alpine,SW SANDY 08,OTTER TAIL,5/15/2023,6/6/2023,,,
BF2C8783-5439-48CA-AEFD-DB73D62AFEA4,A4924DF7-8154-4619-8F6A-CA76A039A012,2023,Burbank,LITTLE ZIMMATIC 06,HUBBARD,5/6/2023,5/29/2023,,,
BF5B7453-D974-4864-AB5D-B49128C2098B,B537F74D-0151-4539-A311-A6C4B35439C0,2022,Burbank,SOUTH TREE 09,WADENA,5/15/2022,6/9/2022,9/2/2022,9/12/2022,9/13/2022
BF603064-7174-4568-87E0-58E4698AF5C8,BD49F928-763A-493B-B0E0-4717B7656A52,2021,Burbank,NORTH ROLLER 07,OTTER TAIL,4/30/2021,,,9/13/2021,9/15/2021
BF672784-5C84-4EB5-AD86-A333F9B3C1E4,73A1A160-7670-4F16-9C49-19CA2D35B913,2021,Burbank,LITTLE HIGHWAY 01,STEARNS,5/1/2021,5/26/2021,9/16/2021,9/28/2021,10/6/2021
BF7EDE0C-9094-4C15-BD31-326B170EB645,C8655B27-A850-46E8-AB4F-F68E5803E635,2023,Umatilla,NE VALLEY 02,BECKER,5/16/2023,6/5/2023,,,
BF8C61F4-6B35-4B9B-A5E2-F939F5C197AB,BD49F928-763A-493B-B0E0-4717B7656A52,2021,Burbank,WEST ROCK 04,OTTER TAIL,4/24/2021,,,9/23/2021,9/26/2021
C00C066C-13FC-430B-BAC6-53AE2966D701,A4924DF7-8154-4619-8F6A-CA76A039A012,2021,Ivory Russet,BIG TRAIL 02,WADENA,4/21/2021,5/26/2021,8/23/2021,9/15/2021,9/16/2021
C02A084C-0F7A-4CCC-A653-3EF335E0F27B,C8655B27-A850-46E8-AB4F-F68E5803E635,2023,Burbank,LITTLE HIGHWAY 08,BECKER,5/18/2023,5/30/2023,,,
C0EDB885-2C96-4C4A-B8E8-1062A3728FFC,09BB28C6-0770-4169-B9B6-DE29B4BD4D9A,2021,Burbank,OUTER ROLLER 07,OTTER TAIL,5/2/2021,5/30/2021,9/19/2021,9/27/2021,9/28/2021
C0FB39ED-FCFF-426F-8F7B-819A6F311323,A4924DF7-8154-4619-8F6A-CA76A039A012,2021,Umatilla,BIG HOMEPLACE 08,WADENA,5/2/2021,5/31/2021,9/4/2021,9/12/2021,9/14/2021
C275EC00-AAFB-42F7-8104-769AFF39F873,73A1A160-7670-4F16-9C49-19CA2D35B913,2021,Burbank,NW TOWN 06,POPE,5/3/2021,5/23/2021,,9/12/2021,9/15/2021
C2CA0D37-D933-4F77-BD04-243C86FE6C41,E68FEA3A-29B3-4586-B8AF-86F785A08410,2023,Burbank,SW GRAVEL 08,TODD,5/3/2023,5/27/2023,,,
C3AD5E7F-82BD-4F23-A266-AEDF306CC775,BD49F928-763A-493B-B0E0-4717B7656A52,2023,Burbank,SMALL BLOCK 01,OTTER TAIL,5/5/2023,,,,
C481CB25-FD78-4C14-B5FB-00FD4B47DF13,4C640EC5-A72F-403B-90C4-F02FA4F10803,2023,Burbank,ROUND GRAVEL 08,OTTER TAIL,5/18/2023,6/6/2023,,,
C4AE24E6-1115-4854-9D8F-0FFBC9168285,E68FEA3A-29B3-4586-B8AF-86F785A08410,2023,Burbank,ROUND BLUE 05,OTTER TAIL,5/15/2023,6/6/2023,,,
C4D363DE-3C9B-440C-AE8A-4BBA4F6CBDEF,E68FEA3A-29B3-4586-B8AF-86F785A08410,2021,Umatilla,NE ZIMMATIC 07,OTTER TAIL,5/1/2021,5/26/2021,9/9/2021,9/18/2021,9/20/2021
C53DE16D-75CF-4154-AA1C-EFADF0D55858,A4924DF7-8154-4619-8F6A-CA76A039A012,2023,Umatilla,NW HOMEPLACE 02,HUBBARD,5/15/2023,6/7/2023,,,
C588E4EC-63EF-4F34-ABA7-FA9CD4A1147C,B537F74D-0151-4539-A311-A6C4B35439C0,2021,Umatilla,LITTLE GRAVEL 04,WADENA,4/29/2021,5/26/2021,9/19/2021,9/26/2021,9/27/2021
C65DA038-A188-4A9B-B4DC-0450D1A8BA1F,E68FEA3A-29B3-4586-B8AF-86F785A08410,2023,Burbank,NW VALLEY 01,OTTER TAIL,5/5/2023,,,,
C6698CB5-C4A8-4530-B39E-49AC2F72785D,4360211F-C7BD-4CC1-BB16-E17074409130,2021,Burbank,BIG GRANDAD 03,OTTER TAIL,5/5/2021,5/27/2021,9/13/2021,8/26/2021,10/2/2021
C6B224B7-C627-4B23-92C6-80FB05055C42,4C640EC5-A72F-403B-90C4-F02FA4F10803,2021,Burbank,WEST TOWN 06,OTTER TAIL,5/1/2021,5/26/2021,9/18/2021,9/29/2021,9/30/2021
C6C80BB5-4915-4140-995C-0AA62DD930C8,A4924DF7-8154-4619-8F6A-CA76A039A012,2021,Burbank,SOUTH VALLEY 06,HUBBARD,4/23/2021,5/25/2021,9/9/2021,9/15/2021,9/17/2021
C783C4FF-A523-4002-8DFD-0A7FFFE53504,A4924DF7-8154-4619-8F6A-CA76A039A012,2022,Burbank,LITTLE TOWN 07,BECKER,5/14/2022,6/9/2022,9/6/2022,9/9/2022,9/21/2022
C791293E-12BA-40A3-A71E-181741350FB4,A4924DF7-8154-4619-8F6A-CA76A039A012,2022,Burbank,NORTH ZIMMATIC 03,HUBBARD,5/14/2022,6/10/2022,,9/26/2022,10/2/2022
C7EA400F-B064-4A78-B40A-A884E82540ED,A4924DF7-8154-4619-8F6A-CA76A039A012,2022,Burbank,SMALL HIGHWAY 09,HUBBARD,5/14/2022,6/11/2022,9/7/2022,10/2/2022,10/8/2022
C7F17933-1FE8-45EC-845A-E196AF2D7DF6,A4924DF7-8154-4619-8F6A-CA76A039A012,2023,Umatilla,OUTER YELLOW 04,HUBBARD,5/18/2023,6/7/2023,,,
C7FB0C85-BE4C-44F0-AF4B-69278F303B68,E68FEA3A-29B3-4586-B8AF-86F785A08410,2023,Burbank,OUTER VALLEY 07,OTTER TAIL,5/18/2023,6/9/2023,,,
C89E67B9-3FBA-4C3B-A398-970F0658EED0,E68FEA3A-29B3-4586-B8AF-86F785A08410,2023,Burbank,SOUTH LAKE 05,OTTER TAIL,5/9/2023,,,,
C8BEA554-29B4-4868-8B12-4CC5C6E53622,A7FD485C-0D02-43D7-AD52-AD5E337E55C5,2022,Burbank,OUTER HIGHWAY 05,TODD,5/6/2022,5/30/2022,9/6/2022,9/27/2022,9/29/2022
C8F2314A-1CD4-487C-AC82-2F2BCE784B6F,E68FEA3A-29B3-4586-B8AF-86F785A08410,2023,Dakota Russet,SE COUNTRY 06,OTTER TAIL,5/16/2023,6/7/2023,,,
C98A1AB3-2BD0-41F7-9420-64361842F4A6,A4924DF7-8154-4619-8F6A-CA76A039A012,2021,Umatilla,SE BLUE 07,HUBBARD,5/3/2021,5/29/2021,9/13/2021,9/18/2021,9/22/2021
CAE86BAD-5344-4A89-9C10-3B64456C823A,FC69EB42-658D-4844-81D9-19CB22AB7969,2023,Burbank,SW BLUE 07,BENTON,5/1/2023,5/28/2023,,,
CB0CDA67-594A-4DA5-A72C-D5B2E9A6E6C4,A4924DF7-8154-4619-8F6A-CA76A039A012,2021,Ivory Russet,SMALL COUNTRY 01,WADENA,4/22/2021,5/26/2021,8/18/2021,9/10/2021,9/27/2021
CB920495-55A5-4089-BAE5-EA1F78CDBB4D,A4924DF7-8154-4619-8F6A-CA76A039A012,2023,Burbank,SMALL GRAVEL 08,WADENA,5/13/2023,6/1/2023,,,
CBB91060-B3D0-4CA4-B2A0-82F48552C830,A4924DF7-8154-4619-8F6A-CA76A039A012,2021,Reveille,WEST GRANDMA 09,WADENA,5/3/2021,6/5/2021,8/31/2021,9/29/2021,10/1/2021
CBE97A59-E0DA-43DB-9298-1893BD578534,BD49F928-763A-493B-B0E0-4717B7656A52,2021,Burbank,NORTH LAKE 07,OTTER TAIL,4/30/2021,,,10/5/2021,10/5/2021
CBFBF369-53E7-409C-9258-7056F7478A2B,A4924DF7-8154-4619-8F6A-CA76A039A012,2022,Umatilla,SE HIGHWAY 07,HUBBARD,5/16/2022,,9/22/2022,10/1/2022,10/2/2022
CC0ADBD9-8038-4275-947F-A2BF395E48F1,A4924DF7-8154-4619-8F6A-CA76A039A012,2022,Burbank,OUTER LAKE 02,HUBBARD,5/14/2022,6/11/2022,,9/20/2022,9/21/2022
CC126350-63D7-4413-8C04-BBC6A6669A86,4C640EC5-A72F-403B-90C4-F02FA4F10803,2023,Burbank,SMALL ZIMMATIC 07,OTTER TAIL,5/19/2023,6/7/2023,,,
CC44EA64-B7D1-45CD-A8C6-493EEB5D4FD6,A4924DF7-8154-4619-8F6A-CA76A039A012,2023,Umatilla,NORTH HOMEPLACE 06,HUBBARD,5/19/2023,6/10/2023,,,
CCABA736-985D-4A9A-954C-6D2438BB3E7E,73A1A160-7670-4F16-9C49-19CA2D35B913,2022,Burbank,BIG TRAIL 05,POPE,5/19/2022,6/12/2022,9/20/2022,10/6/2022,10/7/2022
CDF84C91-1548-41B7-A327-8C43B5599EAC,09BB28C6-0770-4169-B9B6-DE29B4BD4D9A,2021,Umatilla,NW SANDY 06,OTTER TAIL,4/28/2021,5/26/2021,9/6/2021,9/15/2021,9/16/2021
CE0912CB-6174-48BC-B02C-1CFFFECF7D18,4C640EC5-A72F-403B-90C4-F02FA4F10803,2021,Burbank,LITTLE HILL 08,OTTER TAIL,5/4/2021,5/29/2021,9/6/2021,8/25/2021,9/16/2021
CE7F85C6-6E68-4DAF-80D6-D470EF7B6259,BB66CAEB-1096-49C4-B8EA-B32E93797613,2022,Burbank,ROUND TOWN 01,MORRISON,5/2/2022,5/31/2022,9/28/2022,10/10/2022,10/12/2022
CE9BFF64-DE9A-4B4A-AA87-A672962A21B9,09BB28C6-0770-4169-B9B6-DE29B4BD4D9A,2022,Burbank,LITTLE VALLEY 08,OTTER TAIL,5/19/2022,6/9/2022,9/26/2022,10/4/2022,10/4/2022
CEAF0CA6-5C95-4C1A-9D5B-02C67FAF7E02,09BB28C6-0770-4169-B9B6-DE29B4BD4D9A,2023,Alpine,WEST ZIMMATIC 01,OTTER TAIL,5/14/2023,6/6/2023,,,
CF0F496F-4BF2-4122-9123-E14C85B5036C,4C640EC5-A72F-403B-90C4-F02FA4F10803,2022,Burbank,EAST GRAVEL 07,OTTER TAIL,5/18/2022,6/12/2022,9/20/2022,9/29/2022,10/1/2022
CF8EA3EB-F6B7-4683-BBE5-F4A58F1AFC8A,A4924DF7-8154-4619-8F6A-CA76A039A012,2022,Burbank,SMALL GREEN 07,HUBBARD,5/11/2022,6/10/2022,,9/29/2022,9/30/2022
D029334D-B25D-4C94-BA8A-59E35BF44E8F,A4924DF7-8154-4619-8F6A-CA76A039A012,2023,Umatilla,ROUND TOWN 04,HUBBARD,5/9/2023,6/1/2023,,,
D1823A6C-1387-4018-87DD-D209EDFF2BAE,09BB28C6-0770-4169-B9B6-DE29B4BD4D9A,2022,Alpine,LITTLE TRACK 05,OTTER TAIL,5/16/2022,6/11/2022,,9/25/2022,9/26/2022
D23767EC-9273-4703-AFBC-27E96340B935,09BB28C6-0770-4169-B9B6-DE29B4BD4D9A,2022,Umatilla,NW GREEN 02,OTTER TAIL,5/11/2022,6/4/2022,9/6/2022,9/18/2022,9/18/2022
D30B4903-1566-4584-BF63-8900BDFE0C77,E68FEA3A-29B3-4586-B8AF-86F785A08410,2021,Burbank,NORTH GRANDMA 06,OTTER TAIL,5/3/2021,5/29/2021,8/31/2021,8/25/2021,9/13/2021
D3181571-9839-4E6C-B32E-050B4F3698B9,73A1A160-7670-4F16-9C49-19CA2D35B913,2022,Burbank,NORTH TRACK 08,POPE,5/17/2022,6/14/2022,,9/28/2022,9/30/2022
D323E4EA-CECC-4E09-AB56-33B447555AFD,BB66CAEB-1096-49C4-B8EA-B32E93797613,2023,Burbank,OUTER COUNTRY 09,MORRISON,5/3/2023,5/29/2023,,,
D34DDCBB-93BC-4557-92F6-0BBFBF5CEE19,4360211F-C7BD-4CC1-BB16-E17074409130,2021,Burbank,SW HOMEPLACE 06,OTTER TAIL,4/29/2021,5/25/2021,8/31/2021,8/26/2021,9/8/2021
D3AAE7B9-C593-49B3-AE56-65516F3C77C2,A4924DF7-8154-4619-8F6A-CA76A039A012,2023,Burbank,ROUND LAKE 08,HUBBARD,5/3/2023,5/27/2023,,,
D3BEF538-107B-4B5A-84B2-ADD4F4070E3F,09BB28C6-0770-4169-B9B6-DE29B4BD4D9A,2021,Alpine,SMALL GRAVEL 07,OTTER TAIL,4/25/2021,5/29/2021,,9/25/2021,9/25/2021
D4169045-2FE2-4A1A-8AC4-DA43EFAACA96,A4924DF7-8154-4619-8F6A-CA76A039A012,2021,Burbank,ROUND GRANDMA 08,HUBBARD,5/2/2021,5/25/2021,,9/21/2021,9/23/2021
D5313EA5-3E7B-47F9-A587-9741E9D9EFBD,E68FEA3A-29B3-4586-B8AF-86F785A08410,2021,Umatilla,LITTLE ROCK 10,OTTER TAIL,5/1/2021,5/26/2021,9/9/2021,9/20/2021,9/20/2021
D5E5EBC7-28F7-45EC-AD04-E96E027C2525,E68FEA3A-29B3-4586-B8AF-86F785A08410,2023,Umatilla,SOUTH BLOCK 01,OTTER TAIL,5/5/2023,5/28/2023,,,
D60491B9-4479-4455-85B0-E09EF961FB6C,A4924DF7-8154-4619-8F6A-CA76A039A012,2021,Ivory Russet,NORTH BLUE 05,BECKER,4/23/2021,5/29/2021,8/23/2021,9/16/2021,10/5/2021
D61256A4-24F6-4B37-B82B-1D1EB23A9AC4,4C640EC5-A72F-403B-90C4-F02FA4F10803,2023,Burbank,EAST LAKE 05,OTTER TAIL,5/18/2023,6/6/2023,,,
D7954F7B-8A86-4653-9D04-A88B3CD31579,4360211F-C7BD-4CC1-BB16-E17074409130,2021,Burbank,BIG BLOCK 05,OTTER TAIL,4/21/2021,5/25/2021,9/4/2021,8/25/2021,10/6/2021
D82CF10B-8278-4611-8F28-C351A00650A4,A4924DF7-8154-4619-8F6A-CA76A039A012,2023,Umatilla,OUTER SANDY 01,OTTER TAIL,5/17/2023,6/5/2023,,,
D8784695-564F-4BEA-AF4A-F9534370FBB0,E68FEA3A-29B3-4586-B8AF-86F785A08410,2023,Burbank,SMALL TRAIL 04,OTTER TAIL,5/17/2023,6/7/2023,,,
D89D370B-BFAB-4BB5-9E4F-AD9362B28976,4360211F-C7BD-4CC1-BB16-E17074409130,2022,Umatilla,SW BLUE 02,WADENA,5/10/2022,6/3/2022,9/19/2022,9/26/2022,10/4/2022
D8EE2379-3A39-477D-BD5C-BA6E5BE64798,09BB28C6-0770-4169-B9B6-DE29B4BD4D9A,2023,Umatilla,SW TOWN 03,OTTER TAIL,5/4/2023,5/28/2023,,,
D9202DD3-74AF-4034-80AE-8C02D592CD03,BD49F928-763A-493B-B0E0-4717B7656A52,2021,Burbank,BIG GRANDAD 07,OTTER TAIL,5/1/2021,,,9/23/2021,9/23/2021
D96F0C6A-7AA4-4601-8DD2-00BBCF55EBD7,09BB28C6-0770-4169-B9B6-DE29B4BD4D9A,2023,Alpine,EAST BLOCK 08,OTTER TAIL,5/14/2023,6/5/2023,,,
D9B65039-7A54-46C4-ABCD-DAE167C9CB09,E68FEA3A-29B3-4586-B8AF-86F785A08410,2023,Ivory Russet,ROUND ZIMMATIC 07,BECKER,5/17/2023,,,,
DA9FD2F4-E2B1-459B-B0EB-DBB60DB9EF07,BD49F928-763A-493B-B0E0-4717B7656A52,2022,Burbank,SW GRANDMA 07,OTTER TAIL,5/11/2022,6/5/2022,,9/21/2022,9/22/2022
DAE39BAB-B870-4BD5-B260-D039D66B4956,09BB28C6-0770-4169-B9B6-DE29B4BD4D9A,2023,Umatilla,EAST ZIMMATIC 10,OTTER TAIL,5/3/2023,5/28/2023,,,
DC32E1F8-49DC-4834-B7AF-815E178A30EF,A4924DF7-8154-4619-8F6A-CA76A039A012,2023,Umatilla,NORTH LAKE 04,HUBBARD,5/15/2023,6/9/2023,,,
DC5A3A0C-103A-4DAB-BB2C-716F949681A7,A4924DF7-8154-4619-8F6A-CA76A039A012,2022,Burbank,NORTH VALLEY 01,HUBBARD,5/7/2022,6/2/2022,8/31/2022,9/13/2022,9/17/2022
DCE8133E-7535-4DA2-8640-7B2CBBB2CF97,A4924DF7-8154-4619-8F6A-CA76A039A012,2023,Umatilla,LITTLE ROCK 03,HUBBARD,5/4/2023,5/30/2023,,,
DD18EF9B-F3BF-40E9-A07D-7D482405C946,09BB28C6-0770-4169-B9B6-DE29B4BD4D9A,2023,Umatilla,SOUTH TREE 02,OTTER TAIL,5/12/2023,6/1/2023,,,
DD295CF7-DA9F-4DAF-A9D9-4A3AF2A986F6,09BB28C6-0770-4169-B9B6-DE29B4BD4D9A,2023,Alpine,ROUND HIGHWAY 03,OTTER TAIL,5/16/2023,6/6/2023,,,
DDA95036-FA80-4A1D-B7D0-4C122C17DF3C,E68FEA3A-29B3-4586-B8AF-86F785A08410,2021,Umatilla,NW TREE 03,OTTER TAIL,4/25/2021,5/23/2021,8/20/2021,9/13/2021,9/14/2021
DDDAD8DE-93F9-4A78-8FF6-71B9953F4D94,A4924DF7-8154-4619-8F6A-CA76A039A012,2021,Burbank,SE ROCK 02,BECKER,4/29/2021,5/25/2021,,8/15/2021,8/18/2021
DE14C0E0-9281-4BE7-BC79-722B0F4BFE20,A4924DF7-8154-4619-8F6A-CA76A039A012,2022,Umatilla,BIG ZIMMATIC 01,HUBBARD,5/16/2022,6/11/2022,,9/8/2022,10/6/2022
DE7CAF3B-0A9F-43B4-8240-C3BA9BDDC0AC,4360211F-C7BD-4CC1-BB16-E17074409130,2021,Umatilla,SW HILL 01,WADENA,4/29/2021,5/25/2021,9/13/2021,9/21/2021,9/21/2021
DF37C4E3-F755-4212-90A6-793E9CEA690B,BB66CAEB-1096-49C4-B8EA-B32E93797613,2022,Burbank,BIG VALLEY 03,MORRISON,5/4/2022,5/31/2022,,9/20/2022,9/27/2022
DF5AC926-F69B-4FBD-9DC9-2E97CE300BEF,73A1A160-7670-4F16-9C49-19CA2D35B913,2022,Burbank,SMALL GREEN 02,STEARNS,5/7/2022,6/2/2022,,9/11/2022,9/13/2022
DF60D484-9D95-4998-9E86-8FF45C2FC086,A4924DF7-8154-4619-8F6A-CA76A039A012,2023,Burbank,LITTLE HOMEPLACE 01,HUBBARD,5/13/2023,6/3/2023,,,
DF648429-0794-4D30-8639-A16E1ED8036C,A4924DF7-8154-4619-8F6A-CA76A039A012,2022,Burbank,WEST BLOCK 08,CASS,5/10/2022,6/8/2022,,9/14/2022,9/21/2022
DF8CF472-2691-4F66-9FD8-F17006041BB8,A4924DF7-8154-4619-8F6A-CA76A039A012,2022,Burbank,SOUTH SANDY 08,WADENA,5/17/2022,6/12/2022,,9/22/2022,9/23/2022
E01356F4-EFC8-4D4E-8183-6FF081AB2490,A4924DF7-8154-4619-8F6A-CA76A039A012,2023,Umatilla,WEST TRACK 04,HUBBARD,5/5/2023,6/1/2023,,,
E0E88773-A87C-4CDF-A2B6-90332580A632,A4924DF7-8154-4619-8F6A-CA76A039A012,2023,Burbank,SW YELLOW 05,CASS,5/14/2023,6/6/2023,,,
E11FC962-F0AF-4CCC-9B68-F0FF676E7090,09BB28C6-0770-4169-B9B6-DE29B4BD4D9A,2023,Burbank,OUTER TRACK 08,OTTER TAIL,5/17/2023,6/6/2023,,,
E190AC08-FA9F-41FF-84F5-A29DE45323DB,A4924DF7-8154-4619-8F6A-CA76A039A012,2023,Burbank,WEST BARN 02,WADENA,5/4/2023,5/27/2023,,,
E1A6B874-24E0-4D04-835D-3AEC07AA4ECC,4360211F-C7BD-4CC1-BB16-E17074409130,2022,Burbank,ROUND HIGHWAY 07,WADENA,5/6/2022,6/4/2022,9/27/2022,10/8/2022,10/8/2022
E2B76BB2-C8AC-4F88-B002-57C5D8F09F76,A7FD485C-0D02-43D7-AD52-AD5E337E55C5,2021,Burbank,ROUND HIGHWAY 02,TODD,4/23/2021,5/26/2021,9/1/2021,9/24/2021,9/25/2021
E2B7FD28-5FB0-4D8D-B584-CE86376D9428,09BB28C6-0770-4169-B9B6-DE29B4BD4D9A,2022,Alpine,OUTER LAKE 08,OTTER TAIL,5/17/2022,6/12/2022,9/20/2022,9/29/2022,9/30/2022
E2D1E14A-2E5D-4FED-8F3E-BD3F32FAABB4,A4924DF7-8154-4619-8F6A-CA76A039A012,2021,Burbank,SW SANDY 04,HUBBARD,4/25/2021,5/23/2021,9/8/2021,9/14/2021,9/14/2021
E34EC569-F89F-46EB-9736-9A56D1FA82BE,A7FD485C-0D02-43D7-AD52-AD5E337E55C5,2022,Clearwater,OUTER BLUE 02,TODD,5/5/2022,6/1/2022,9/9/2022,9/21/2022,9/22/2022
E3D42CE7-0191-441E-B419-4700913C3831,A4924DF7-8154-4619-8F6A-CA76A039A012,2023,Burbank,SW YELLOW 06,HUBBARD,5/13/2023,6/1/2023,,,
E4B26D6F-9A8A-406F-B6BD-AF7A29D5D59A,BD49F928-763A-493B-B0E0-4717B7656A52,2021,Burbank,ROUND BLUE 07,OTTER TAIL,4/25/2021,,,9/27/2021,9/27/2021
E4E88B83-95D4-4E47-B7E4-1E94060DA50A,A4924DF7-8154-4619-8F6A-CA76A039A012,2022,Burbank,ROUND VALLEY 09,HUBBARD,5/5/2022,6/3/2022,8/31/2022,9/12/2022,9/13/2022
E68588A4-F770-42C2-BCAE-4DC776139ABF,E68FEA3A-29B3-4586-B8AF-86F785A08410,2022,Umatilla,OUTER GRANDMA 07,OTTER TAIL,5/7/2022,6/2/2022,9/18/2022,9/26/2022,9/26/2022
E6EF63C9-C188-447A-A22D-569E727E13CE,09BB28C6-0770-4169-B9B6-DE29B4BD4D9A,2023,Umatilla,SE VALLEY 10,OTTER TAIL,5/12/2023,6/4/2023,,,
E7D87E83-FFDE-4F72-B7E6-93C2B5F9B4B3,B537F74D-0151-4539-A311-A6C4B35439C0,2023,Dakota Russet,LITTLE TOWN 06,WADENA,5/15/2023,6/4/2023,,,
E8A9D39A-1D25-40C9-8390-07491A9B2A45,4C640EC5-A72F-403B-90C4-F02FA4F10803,2022,Burbank,WEST BLUE 10,OTTER TAIL,5/20/2022,6/11/2022,9/6/2022,9/22/2022,10/1/2022
E8CC698C-50E6-4E29-A9EC-A0A2849C797B,BD49F928-763A-493B-B0E0-4717B7656A52,2023,Burbank,SE BARN 09,OTTER TAIL,5/14/2023,,,,
E8F939E6-6CF7-44A6-9053-E81515FFDE3B,A4924DF7-8154-4619-8F6A-CA76A039A012,2021,Burbank,BIG GREEN 02,HUBBARD,4/23/2021,5/22/2021,8/30/2021,8/25/2021,9/23/2021
E93072ED-07B4-40CB-A22E-8689663CB0FB,09BB28C6-0770-4169-B9B6-DE29B4BD4D9A,2022,Umatilla,NW ZIMMATIC 01,OTTER TAIL,5/14/2022,6/7/2022,9/6/2022,9/13/2022,10/2/2022
E9585EB3-FCDA-4625-8F1C-664AF6C4603F,09BB28C6-0770-4169-B9B6-DE29B4BD4D9A,2022,Umatilla,SMALL GRAVEL 01,OTTER TAIL,5/16/2022,6/7/2022,9/22/2022,9/29/2022,9/30/2022
EA65D425-5C8A-424B-8C00-CB6F9C1F6FA6,09BB28C6-0770-4169-B9B6-DE29B4BD4D9A,2023,Burbank,NW COUNTRY 03,OTTER TAIL,5/16/2023,6/6/2023,,,
EC644B7D-D07E-43CA-8AE7-73600AB0BCFE,E68FEA3A-29B3-4586-B8AF-86F785A08410,2021,Burbank,SMALL VALLEY 09,CROW WING,4/22/2021,,,9/13/2021,9/13/2021
EC6F5462-E829-4522-99E2-4B963D954548,09BB28C6-0770-4169-B9B6-DE29B4BD4D9A,2022,Alpine,WEST ROLLER 09,OTTER TAIL,5/5/2022,6/5/2022,9/26/2022,10/3/2022,10/3/2022
EC7D9078-A14F-482F-ACD2-F4B0B3FDDF09,09BB28C6-0770-4169-B9B6-DE29B4BD4D9A,2021,Ivory Russet,NE TREE 03,OTTER TAIL,4/25/2021,5/25/2021,8/30/2021,9/11/2021,9/12/2021
ED0B9E74-0845-4973-9D6A-D3DB3D069A07,09BB28C6-0770-4169-B9B6-DE29B4BD4D9A,2021,Ivory Russet,NW COUNTRY 10,OTTER TAIL,4/24/2021,5/26/2021,8/30/2021,9/10/2021,9/11/2021
ED54EDA7-4BB9-4198-AB6D-2E49B658E21D,BD49F928-763A-493B-B0E0-4717B7656A52,2022,Burbank,SMALL TOWN 04,OTTER TAIL,5/17/2022,6/10/2022,,9/26/2022,9/27/2022
EE3F34D4-28EF-4B86-ACAB-D5FFC5A07028,A4924DF7-8154-4619-8F6A-CA76A039A012,2022,Burbank,BIG YELLOW 05,CASS,5/11/2022,6/9/2022,,9/12/2022,9/14/2022
EE58BB2E-484C-405B-B27B-823B0ED4EFF7,BD49F928-763A-493B-B0E0-4717B7656A52,2023,Burbank,SW TRACK 09,OTTER TAIL,5/9/2023,,,,
EF32434D-AFCB-4367-AA82-13F47F1530FC,4360211F-C7BD-4CC1-BB16-E17074409130,2022,Burbank,ROUND BARN 10,TODD,5/17/2022,6/11/2022,,9/28/2022,9/29/2022
F0870878-9B4E-4918-BF6C-69BE2E6D2D63,E68FEA3A-29B3-4586-B8AF-86F785A08410,2021,Umatilla,SW YELLOW 10,OTTER TAIL,5/2/2021,5/26/2021,9/13/2021,9/23/2021,9/25/2021
F09FB9E7-3DC5-443B-80EE-DD77680CB706,BB66CAEB-1096-49C4-B8EA-B32E93797613,2021,Burbank,WEST HIGHWAY 05,CROW WING,4/20/2021,5/26/2021,8/30/2021,9/7/2021,9/12/2021
F0DEAD00-9583-4D94-91DD-CFEF2766D16F,BB66CAEB-1096-49C4-B8EA-B32E93797613,2022,Clearwater,LITTLE TREE 09,MORRISON,4/29/2022,5/30/2022,9/15/2022,10/1/2022,10/3/2022
F0E11F0F-DB82-4EC7-AA8D-09702134C064,A4924DF7-8154-4619-8F6A-CA76A039A012,2023,Burbank,NORTH TOWN 01,HUBBARD,5/19/2023,6/6/2023,,,
F0FF50B4-BCD4-4C7D-B710-F45372D97220,73A1A160-7670-4F16-9C49-19CA2D35B913,2023,Burbank,NW HIGHWAY 04,POPE,5/11/2023,6/3/2023,,,
F1819D1D-04A0-4677-B1E9-0A8D3061A6F0,73A1A160-7670-4F16-9C49-19CA2D35B913,2021,Burbank,WEST BLUE 09,POPE,4/30/2021,5/26/2021,,9/9/2021,9/11/2021
F1F7032E-132A-4E6F-BB8A-9B70B10E352D,A4924DF7-8154-4619-8F6A-CA76A039A012,2021,Burbank,EAST BLOCK 07,HUBBARD,4/28/2021,5/26/2021,,9/11/2021,9/12/2021
F3BDE009-DE9A-4D1F-B5BA-18A9A833A168,B537F74D-0151-4539-A311-A6C4B35439C0,2023,Umatilla,SE BLOCK 04,WADENA,5/13/2023,6/3/2023,,,
F3DD5A71-B450-420C-A242-A2621E90269A,C8655B27-A850-46E8-AB4F-F68E5803E635,2022,Umatilla,ROUND HIGHWAY 08,BECKER,5/18/2022,,,9/27/2022,9/28/2022
F3E25362-C31A-4116-9332-2133E0232B07,09BB28C6-0770-4169-B9B6-DE29B4BD4D9A,2022,Umatilla,NE GREEN 04,OTTER TAIL,5/15/2022,6/7/2022,9/22/2022,9/30/2022,10/1/2022
F409B12D-9BAC-4C3B-B3BD-2AC69CE49932,73A1A160-7670-4F16-9C49-19CA2D35B913,2022,Burbank,ROUND BLUE 05,POPE,5/23/2022,6/14/2022,,9/27/2022,9/28/2022
F564DA2D-9613-4E01-8B63-0C567E1BCDA1,A4924DF7-8154-4619-8F6A-CA76A039A012,2023,Burbank,OUTER TRAIL 10,HUBBARD,5/4/2023,5/28/2023,,,
F5727FCD-8537-4F3E-881C-A44466A292DF,C8655B27-A850-46E8-AB4F-F68E5803E635,2022,Burbank,NE GRANDMA 03,BECKER,5/15/2022,6/10/2022,9/21/2022,10/1/2022,10/4/2022
F5ABBC00-0759-4110-BEE8-00C18C7CB4D6,A7FD485C-0D02-43D7-AD52-AD5E337E55C5,2021,Burbank,LITTLE SANDY 03,TODD,5/3/2021,5/26/2021,9/22/2021,10/4/2021,10/5/2021
F5AC0A44-9E8C-4C4D-9ECE-66796DE2CC7A,A7FD485C-0D02-43D7-AD52-AD5E337E55C5,2023,Burbank,NW GRANDAD 05,TODD,5/6/2023,5/28/2023,,,
F5DAB28E-4CD3-485B-B9CF-8F84E70B122A,73A1A160-7670-4F16-9C49-19CA2D35B913,2023,Burbank,BIG TRAIL 10,POPE,5/18/2023,6/8/2023,,,
F60BF6EC-2B36-4CD3-9D84-3AB4670C7942,4360211F-C7BD-4CC1-BB16-E17074409130,2021,Burbank,SOUTH TOWN 04,WADENA,4/24/2021,5/25/2021,9/9/2021,9/1/2021,9/17/2021
F64DD7CF-664F-49EC-BBAD-15E67A7F1F41,09BB28C6-0770-4169-B9B6-DE29B4BD4D9A,2021,Alpine,NORTH GRANDMA 09,OTTER TAIL,4/24/2021,5/26/2021,9/10/2021,9/26/2021,9/27/2021
F65A6FB4-460E-45EB-92AC-40EA92AB8C7D,C8655B27-A850-46E8-AB4F-F68E5803E635,2022,Umatilla,NORTH HIGHWAY 05,BECKER,5/17/2022,6/12/2022,,9/18/2022,9/21/2022
F6D6D952-4DE4-434D-B20D-DF2D49B7D4B8,A4924DF7-8154-4619-8F6A-CA76A039A012,2022,Umatilla,SW HILL 08,HUBBARD,5/15/2022,6/10/2022,,9/19/2022,10/11/2022
F730502E-DEE5-4471-AAB3-C12FFE3EB493,A7FD485C-0D02-43D7-AD52-AD5E337E55C5,2023,Burbank,SE SANDY 08,TODD,5/5/2023,5/29/2023,,,
F7DDD990-400C-4DC4-8821-235D0E99B174,E68FEA3A-29B3-4586-B8AF-86F785A08410,2021,Burbank,BIG YELLOW 07,HUBBARD,5/2/2021,5/28/2021,,9/23/2021,9/23/2021
F81B9798-98F7-4634-9422-D462490E6F9E,A4924DF7-8154-4619-8F6A-CA76A039A012,2022,Burbank,ROUND VALLEY 10,HUBBARD,5/15/2022,6/9/2022,9/20/2022,9/29/2022,10/10/2022
F87DA11C-2EE0-4FCE-9F85-4338C8102184,09BB28C6-0770-4169-B9B6-DE29B4BD4D9A,2023,Umatilla,SW COUNTRY 07,OTTER TAIL,5/4/2023,5/29/2023,,,
F969E212-9FE0-4103-90A6-8527F3E3D9AC,09BB28C6-0770-4169-B9B6-DE29B4BD4D9A,2021,Umatilla,ROUND GREEN 04,OTTER TAIL,4/28/2021,5/25/2021,9/9/2021,9/16/2021,9/17/2021
F9EF2FBF-A402-4DB2-846D-3A9D3F958BC9,A4924DF7-8154-4619-8F6A-CA76A039A012,2023,Burbank,NE BLUE 10,WADENA,5/3/2023,5/27/2023,,,
FA20BBE7-D8A2-493F-893B-85578CE571C1,A4924DF7-8154-4619-8F6A-CA76A039A012,2022,Umatilla,EAST GRANDMA 02,HUBBARD,5/17/2022,6/14/2022,9/22/2022,10/3/2022,10/6/2022
FA73D911-4FFA-4144-B649-70CEB164FD1A,A4924DF7-8154-4619-8F6A-CA76A039A012,2022,Burbank,ROUND TOWN 07,HUBBARD,5/6/2022,5/31/2022,,9/21/2022,9/21/2022
FB042109-DC57-4996-B78B-83E20F06B8D6,E68FEA3A-29B3-4586-B8AF-86F785A08410,2023,Umatilla,BIG TRAIL 01,OTTER TAIL,5/5/2023,,,,
FB3187D8-FA72-4637-9D44-EF976632BE6E,09BB28C6-0770-4169-B9B6-DE29B4BD4D9A,2022,Umatilla,SE TOWN 01,OTTER TAIL,5/11/2022,6/5/2022,9/20/2022,9/27/2022,9/28/2022
FB9C76E3-5C54-4CDD-918D-9703090BFD5F,A4924DF7-8154-4619-8F6A-CA76A039A012,2021,Ivory Russet,NW GRANDAD 10,HUBBARD,4/23/2021,5/28/2021,8/30/2021,9/16/2021,9/19/2021
FBD403CC-FB8C-4F33-933A-3992CDC36762,C8655B27-A850-46E8-AB4F-F68E5803E635,2023,Ivory Russet,SE BLUE 04,BECKER,5/17/2023,6/9/2023,,,
FC602E3F-C32A-4F8E-B325-9B6B6490D69F,E68FEA3A-29B3-4586-B8AF-86F785A08410,2023,Burbank,ROUND GRANDAD 02,TODD,5/8/2023,5/28/2023,,,
FCFBB406-9982-4DCD-A40E-7EEDE51B9D50,A4924DF7-8154-4619-8F6A-CA76A039A012,2023,Alturas,SMALL COUNTRY 09,HUBBARD,5/19/2023,6/10/2023,,,
FD60C904-897B-4B30-94D2-7D6FA5EF24A0,FC69EB42-658D-4844-81D9-19CB22AB7969,2022,Burbank,SMALL TREE 01,MORRISON,5/5/2022,6/3/2022,9/21/2022,10/7/2022,10/9/2022
FF679951-A88D-4DF9-A720-B65C134D76CD,A4924DF7-8154-4619-8F6A-CA76A039A012,2021,Burbank,OUTER COUNTRY 07,HUBBARD,4/24/2021,5/23/2021,9/7/2021,9/23/2021,9/25/2021
FF95CB7B-F65C-4685-9016-D1A8C6A8DAD2,4360211F-C7BD-4CC1-BB16-E17074409130,2021,Umatilla,NORTH GRANDMA 04,WADENA,4/27/2021,5/24/2021,9/16/2021,9/23/2021,9/24/2021
FFFCF1AE-70C5-43A4-BB37-E4100446ECD4,A4924DF7-8154-4619-8F6A-CA76A039A012,2023,Umatilla,BIG GRAVEL 08,HUBBARD,5/5/2023,5/28/2023,,,
